,smart_12_raw,smart_192_raw,smart_194_raw,smart_241_raw,smart_242_raw,0.5*smart_12_raw - 0.99*smart_242_raw,-1.04*smart_192_raw + 0.67*smart_241_raw,target
0,5,3.0,34.0,733,9.0,-6.41,487.99,0
1,5,3.0,29.0,834,9.0,-6.41,555.6600000000001,0
2,5,3.0,27.0,924,9.0,-6.41,615.96,0
3,5,3.0,32.0,987,9.0,-6.41,658.1700000000001,0
4,5,3.0,27.0,1118,9.0,-6.41,745.94,0
5,5,3.0,32.0,1185,9.0,-6.41,790.83,0
6,5,3.0,27.0,1317,9.0,-6.41,879.2700000000001,0
7,5,3.0,27.0,1383,9.0,-6.41,923.49,0
8,5,3.0,32.0,1516,9.0,-6.41,1012.6,0
9,5,3.0,35.0,1583,9.0,-6.41,1057.4900000000002,0
10,5,3.0,32.0,1714,9.0,-6.41,1145.2600000000002,0
11,5,3.0,33.0,1780,9.0,-6.41,1189.4800000000002,0
12,5,3.0,35.0,1913,9.0,-6.41,1278.5900000000001,0
13,5,3.0,32.0,1982,9.0,-6.41,1324.8200000000002,0
14,5,3.0,28.0,2114,9.0,-6.41,1413.2600000000002,0
15,5,3.0,33.0,2180,9.0,-6.41,1457.4800000000002,0
16,5,3.0,28.0,2312,9.0,-6.41,1545.9200000000003,0
17,5,3.0,27.0,2380,9.0,-6.41,1591.4800000000002,0
18,5,3.0,33.0,2513,9.0,-6.41,1680.5900000000001,0
19,5,3.0,33.0,2578,9.0,-6.41,1724.14,0
20,5,3.0,32.0,2712,9.0,-6.41,1813.9200000000003,0
21,5,3.0,32.0,2782,9.0,-6.41,1860.8200000000002,0
22,5,3.0,32.0,2916,9.0,-6.41,1950.6000000000001,0
23,5,3.0,32.0,3049,9.0,-6.41,2039.7100000000003,0
24,5,3.0,31.0,3113,9.0,-6.41,2082.59,0
25,5,3.0,32.0,3247,9.0,-6.41,2172.3700000000003,0
26,5,3.0,32.0,3316,9.0,-6.41,2218.6000000000004,0
27,5,3.0,27.0,3451,9.0,-6.41,2309.05,0
28,5,3.0,35.0,3515,9.0,-6.41,2351.9300000000003,0
29,5,3.0,32.0,3651,9.0,-6.41,2443.05,0
30,5,3.0,31.0,3722,9.0,-6.41,2490.6200000000003,0
31,5,3.0,32.0,3786,9.0,-6.41,2533.5000000000005,0
32,5,3.0,30.0,3921,9.0,-6.41,2623.9500000000003,0
33,5,3.0,27.0,3991,9.0,-6.41,2670.8500000000004,0
34,5,3.0,31.0,4126,9.0,-6.41,2761.3,0
35,5,3.0,27.0,4192,9.0,-6.41,2805.5200000000004,0
36,5,3.0,30.0,4327,9.0,-6.41,2895.9700000000003,0
37,5,3.0,27.0,4397,9.0,-6.41,2942.8700000000003,0
38,5,3.0,30.0,4530,10.0,-7.4,3031.9800000000005,0
39,5,3.0,32.0,4594,10.0,-7.4,3074.86,0
40,5,3.0,31.0,4729,10.0,-7.4,3165.3100000000004,0
41,5,3.0,27.0,4797,10.0,-7.4,3210.8700000000003,0
42,5,3.0,30.0,4932,10.0,-7.4,3301.32,0
43,5,3.0,32.0,5000,10.0,-7.4,3346.88,0
44,5,3.0,26.0,5133,10.0,-7.4,3435.9900000000002,0
45,5,3.0,26.0,5200,10.0,-7.4,3480.88,0
46,5,3.0,31.0,5335,10.0,-7.4,3571.3300000000004,0
47,5,3.0,31.0,5402,10.0,-7.4,3616.2200000000003,0
48,5,3.0,31.0,5537,10.0,-7.4,3706.6700000000005,0
49,5,3.0,31.0,5604,10.0,-7.4,3751.5600000000004,0
50,5,3.0,34.0,5774,58.0,-54.92,3865.4600000000005,0
51,5,3.0,35.0,5864,88.0,-84.62,3925.76,0
52,5,3.0,34.0,6044,156.0,-151.94,4046.36,0
53,6,3.0,35.0,6228,227.0,-221.73,4169.64,0
54,6,3.0,36.0,6318,263.0,-257.37,4229.9400000000005,0
55,6,3.0,36.0,6505,343.0,-336.57,4355.2300000000005,0
56,6,3.0,43.0,6599,383.0,-376.17,4418.21,0
57,6,3.0,38.0,6786,465.0,-457.35,4543.5,0
58,6,3.0,39.0,6877,495.0,-487.05,4604.47,0
59,6,3.0,40.0,7060,549.0,-540.51,4727.080000000001,0
60,6,3.0,39.0,7153,579.0,-570.21,4789.39,0
61,6,3.0,40.0,7340,648.0,-638.52,4914.68,0
62,6,3.0,40.0,7432,680.0,-670.2,4976.320000000001,0
63,6,3.0,40.0,7618,745.0,-734.55,5100.9400000000005,0
64,6,3.0,40.0,7716,789.0,-778.11,5166.6,0
65,6,3.0,40.0,7908,872.0,-860.28,5295.240000000001,0
66,6,3.0,39.0,8001,914.0,-901.86,5357.55,0
67,12,6.0,45.0,8478,1174.0,-1156.26,5674.02,0
68,13,7.0,44.0,8577,1199.0,-1180.51,5739.31,0
69,13,7.0,44.0,8670,1245.0,-1226.05,5801.620000000001,0
70,13,7.0,44.0,8857,1351.0,-1330.99,5926.910000000001,0
71,13,7.0,43.0,8950,1406.0,-1385.44,5989.22,0
72,13,7.0,44.0,9139,1522.0,-1500.28,6115.85,0
73,13,7.0,44.0,9235,1574.0,-1551.76,6180.170000000001,0
74,13,7.0,45.0,9424,1687.0,-1663.6299999999999,6306.8,0
75,13,7.0,44.0,9520,1748.0,-1724.02,6371.120000000001,0
76,13,7.0,43.0,9614,1807.0,-1782.43,6434.1,0
77,13,7.0,44.0,9803,1927.0,-1901.23,6560.7300000000005,0
78,13,7.0,44.0,9902,1993.0,-1966.57,6627.06,0
79,13,7.0,44.0,10096,2124.0,-2096.2599999999998,6757.040000000001,0
80,13,7.0,41.0,10291,2275.0,-2245.75,6887.6900000000005,0
81,13,7.0,41.0,10388,2349.0,-2319.0099999999998,6952.68,0
82,13,7.0,43.0,10585,2502.0,-2470.48,7084.670000000001,0
83,13,7.0,45.0,10689,2566.0,-2533.84,7154.35,0
84,13,7.0,43.0,10791,2682.0,-2648.68,7222.6900000000005,0
85,13,7.0,44.0,10857,2753.0,-2718.97,7266.910000000001,0
86,13,7.0,43.0,11044,2923.0,-2887.27,7392.200000000001,0
87,13,7.0,43.0,11083,2986.0,-2949.64,7418.330000000001,0
88,13,7.0,45.0,11232,3127.0,-3089.23,7518.160000000001,0
89,13,7.0,43.0,11336,3216.0,-3177.34,7587.840000000001,0
90,13,7.0,42.0,11415,3342.0,-3302.08,7640.77,0
91,13,7.0,45.0,11499,3415.0,-3374.35,7697.050000000001,0
92,13,7.0,45.0,11668,3561.0,-3518.89,7810.280000000001,0
93,13,7.0,44.0,11705,3624.0,-3581.2599999999998,7835.070000000001,0
94,13,7.0,45.0,11894,3794.0,-3749.56,7961.700000000001,0
95,13,7.0,45.0,11958,3865.0,-3819.85,8004.580000000001,0
96,13,7.0,45.0,12036,3990.0,-3943.6,8056.840000000001,0
97,13,7.0,44.0,12075,4047.0,-4000.0299999999997,8082.970000000001,0
98,13,7.0,42.0,12156,4162.0,-4113.88,8137.240000000001,0
99,13,7.0,45.0,12251,4246.0,-4197.04,8200.89,0
100,13,7.0,42.0,12417,4395.0,-4344.55,8312.11,0
101,13,7.0,43.0,12492,4519.0,-4467.31,8362.36,0
102,13,7.0,42.0,12528,4577.0,-4524.73,8386.48,0
103,13,7.0,42.0,12678,4720.0,-4666.3,8486.98,0
104,13,7.0,41.0,12714,4774.0,-4719.76,8511.1,0
105,13,7.0,43.0,12786,4891.0,-4835.59,8559.34,0
106,13,7.0,41.0,12823,4947.0,-4891.03,8584.13,0
107,13,7.0,42.0,12933,5076.0,-5018.74,8657.83,0
108,13,7.0,44.0,12999,5146.0,-5088.04,8702.05,0
109,13,7.0,42.0,13069,5261.0,-5201.89,8748.95,0
110,13,7.0,42.0,13104,5317.0,-5257.33,8772.4,0
111,13,7.0,43.0,13167,5415.0,-5354.35,8814.61,0
112,13,7.0,42.0,13219,5471.0,-5409.79,8849.45,0
113,13,7.0,43.0,13408,5594.0,-5531.56,8976.08,0
114,13,7.0,42.0,13441,5647.0,-5584.03,8998.19,0
115,13,7.0,43.0,13505,5754.0,-5689.96,9041.07,0
116,13,7.0,42.0,13537,5801.0,-5736.49,9062.51,0
117,13,7.0,43.0,13629,5904.0,-5838.46,9124.15,0
118,13,7.0,42.0,13662,5952.0,-5885.98,9146.26,0
119,13,7.0,43.0,13727,6047.0,-5980.03,9189.81,0
120,13,7.0,45.0,13760,6096.0,-6028.54,9211.92,0
121,13,7.0,44.0,13912,6200.0,-6131.5,9313.76,0
122,13,7.0,42.0,13973,6253.0,-6183.97,9354.63,0
123,13,7.0,43.0,14037,6354.0,-6283.96,9397.51,0
124,13,7.0,42.0,14068,6403.0,-6332.47,9418.28,0
125,13,7.0,43.0,14134,6495.0,-6423.55,9462.5,0
126,13,7.0,42.0,14164,6541.0,-6469.09,9482.6,0
127,13,7.0,42.0,14324,6655.0,-6581.95,9589.8,0
128,13,7.0,42.0,14406,6713.0,-6639.37,9644.74,0
129,13,7.0,43.0,14466,6809.0,-6734.41,9684.94,0
130,13,7.0,42.0,14496,6857.0,-6781.93,9705.039999999999,0
131,13,7.0,43.0,14558,6952.0,-6875.98,9746.58,0
132,13,7.0,41.0,14592,7004.0,-6927.46,9769.36,0
133,13,7.0,45.0,14654,7100.0,-7022.5,9810.9,0
134,13,7.0,45.0,14686,7151.0,-7072.99,9832.34,0
135,13,7.0,46.0,14887,7278.0,-7198.72,9967.01,0
136,13,7.0,46.0,14961,7385.0,-7304.65,10016.59,0
137,13,7.0,46.0,14990,7432.0,-7351.18,10036.02,0
138,13,7.0,49.0,15052,7519.0,-7437.3099999999995,10077.56,0
139,13,7.0,47.0,15080,7565.0,-7482.85,10096.32,0
140,13,7.0,47.0,15140,7655.0,-7571.95,10136.52,0
141,13,7.0,48.0,15168,7703.0,-7619.47,10155.28,0
142,13,7.0,47.0,15318,7818.0,-7733.32,10255.78,0
143,13,7.0,46.0,15410,7876.0,-7790.74,10317.42,0
144,13,7.0,47.0,15468,7974.0,-7887.76,10356.28,0
145,13,7.0,47.0,15496,8014.0,-7927.36,10375.04,0
146,13,7.0,47.0,15559,8101.0,-8013.49,10417.25,0
147,13,7.0,47.0,15589,8144.0,-8056.0599999999995,10437.35,0
148,13,7.0,47.0,15648,8248.0,-8159.0199999999995,10476.88,0
149,13,7.0,46.0,15678,8297.0,-8207.53,10496.98,0
150,13,7.0,47.0,15856,8410.0,-8319.4,10616.24,0
151,13,7.0,47.0,15921,8461.0,-8369.89,10659.79,0
152,13,7.0,47.0,15982,8553.0,-8460.97,10700.66,0
153,13,7.0,47.0,16009,8591.0,-8498.59,10718.75,0
154,13,7.0,46.0,16065,8668.0,-8574.82,10756.27,0
155,13,7.0,47.0,16091,8708.0,-8614.42,10773.69,0
156,13,7.0,46.0,16145,8792.0,-8697.58,10809.87,0
157,13,7.0,44.0,16226,8845.0,-8750.05,10864.14,0
158,13,7.0,47.0,16384,8942.0,-8846.08,10970.0,0
159,13,7.0,48.0,16409,8982.0,-8885.68,10986.75,0
160,13,7.0,47.0,16459,9058.0,-8960.92,11020.25,0
161,13,7.0,47.0,16485,9096.0,-8998.539999999999,11037.67,0
162,14,7.0,48.0,16553,9178.0,-9079.22,11083.23,0
163,14,7.0,45.0,16581,9220.0,-9120.8,11101.99,0
164,14,7.0,46.0,16638,9312.0,-9211.88,11140.18,0
165,14,7.0,47.0,16665,9353.0,-9252.47,11158.27,0
166,14,7.0,47.0,16693,9399.0,-9298.01,11177.03,0
167,14,7.0,47.0,16753,9477.0,-9375.23,11217.23,0
168,14,7.0,47.0,16805,9548.0,-9445.52,11252.07,0
169,14,7.0,47.0,16853,9592.0,-9489.08,11284.23,0
170,14,7.0,48.0,17044,9687.0,-9583.13,11412.2,0
171,14,7.0,47.0,17069,9725.0,-9620.75,11428.95,0
172,14,7.0,47.0,17121,9800.0,-9695.0,11463.79,0
173,14,7.0,47.0,17147,9840.0,-9734.6,11481.21,0
174,14,7.0,47.0,17200,9917.0,-9810.83,11516.72,0
175,14,7.0,47.0,17226,9956.0,-9849.44,11534.14,0
176,14,7.0,47.0,17279,10039.0,-9931.61,11569.65,0
177,14,7.0,47.0,17304,10076.0,-9968.24,11586.4,0
178,14,7.0,46.0,17355,10153.0,-10044.47,11620.57,0
179,14,7.0,48.0,17381,10193.0,-10084.07,11637.99,0
180,14,7.0,47.0,17436,10276.0,-10166.24,11674.84,0
181,14,7.0,47.0,17470,10322.0,-10211.78,11697.62,0
182,14,7.0,47.0,17597,10406.0,-10294.94,11782.710000000001,0
183,14,7.0,45.0,17700,10466.0,-10354.34,11851.72,0
184,14,7.0,47.0,17772,10550.0,-10437.5,11899.960000000001,0
185,14,7.0,47.0,17796,10588.0,-10475.12,11916.04,0
186,14,7.0,45.0,17847,10670.0,-10556.3,11950.210000000001,0
187,14,7.0,46.0,17871,10705.0,-10590.95,11966.29,0
188,14,7.0,46.0,17926,10778.0,-10663.22,12003.14,0
189,14,7.0,46.0,17951,10809.0,-10693.91,12019.89,0
190,14,7.0,44.0,18002,10876.0,-10760.24,12054.06,0
191,14,7.0,45.0,18026,10909.0,-10792.91,12070.14,0
192,14,7.0,45.0,18072,10974.0,-10857.26,12100.960000000001,0
193,14,7.0,45.0,18095,11008.0,-10890.92,12116.37,0
194,14,7.0,44.0,18143,11068.0,-10950.32,12148.53,0
195,14,7.0,44.0,18175,11105.0,-10986.95,12169.97,0
196,14,7.0,45.0,18277,11182.0,-11063.18,12238.31,0
197,14,7.0,46.0,18376,11230.0,-11110.7,12304.64,0
198,14,7.0,45.0,18479,11310.0,-11189.9,12373.65,0
199,14,7.0,44.0,18503,11344.0,-11223.56,12389.73,0
200,14,7.0,46.0,18550,11404.0,-11282.96,12421.22,0
201,14,7.0,44.0,18576,11432.0,-11310.68,12438.64,0
202,14,7.0,46.0,18630,11496.0,-11374.039999999999,12474.82,0
203,14,7.0,46.0,18652,11526.0,-11403.74,12489.56,0
204,14,7.0,46.0,18698,11583.0,-11460.17,12520.38,0
205,14,7.0,46.0,18721,11612.0,-11488.88,12535.79,0
206,14,7.0,43.0,18767,11669.0,-11545.31,12566.61,0
207,14,7.0,46.0,18825,11703.0,-11578.97,12605.47,0
208,14,7.0,45.0,19013,11786.0,-11661.14,12731.43,0
209,14,7.0,45.0,19036,11812.0,-11686.88,12746.84,0
210,14,7.0,43.0,19082,11865.0,-11739.35,12777.66,0
211,14,7.0,45.0,19108,11897.0,-11771.03,12795.08,0
212,14,7.0,45.0,19155,11957.0,-11830.43,12826.57,0
213,14,7.0,45.0,19178,11988.0,-11861.12,12841.98,0
214,14,7.0,44.0,19223,12042.0,-11914.58,12872.130000000001,0
215,14,7.0,42.0,19246,12070.0,-11942.3,12887.54,0
216,14,7.0,44.0,19297,12127.0,-11998.73,12921.710000000001,0
217,14,7.0,44.0,19317,12152.0,-12023.48,12935.11,0
218,14,7.0,43.0,19364,12210.0,-12080.9,12966.6,0
219,14,7.0,44.0,19388,12240.0,-12110.6,12982.68,0
220,14,7.0,44.0,19437,12307.0,-12176.93,13015.51,0
221,14,7.0,42.0,19463,12337.0,-12206.63,13032.93,0
222,14,7.0,43.0,19508,12401.0,-12269.99,13063.08,0
223,14,7.0,44.0,19536,12433.0,-12301.67,13081.84,0
224,14,7.0,44.0,19581,12486.0,-12354.14,13111.99,0
225,14,7.0,44.0,19605,12516.0,-12383.84,13128.07,0
226,14,7.0,45.0,19651,12579.0,-12446.21,13158.89,0
227,14,7.0,44.0,19675,12609.0,-12475.91,13174.97,0
228,14,7.0,44.0,19719,12667.0,-12533.33,13204.45,0
229,14,7.0,44.0,19742,12699.0,-12565.01,13219.86,0
230,14,7.0,44.0,19796,12758.0,-12623.42,13256.04,0
231,14,7.0,44.0,19834,12791.0,-12656.09,13281.5,0
232,14,7.0,44.0,20033,12879.0,-12743.21,13414.83,0
233,14,7.0,44.0,20074,12911.0,-12774.89,13442.3,0
234,14,7.0,44.0,20121,12973.0,-12836.27,13473.79,0
235,14,7.0,44.0,20169,13029.0,-12891.71,13505.95,0
236,14,7.0,44.0,20190,13061.0,-12923.39,13520.02,0
237,14,7.0,44.0,20232,13114.0,-12975.86,13548.16,0
238,14,7.0,44.0,20254,13140.0,-13001.6,13562.9,0
239,14,7.0,44.0,20301,13203.0,-13063.97,13594.39,0
240,14,7.0,44.0,20320,13225.0,-13085.75,13607.12,0
241,14,7.0,44.0,20359,13273.0,-13133.27,13633.25,0
242,14,7.0,43.0,20379,13295.0,-13155.05,13646.65,0
243,14,7.0,40.0,20430,13349.0,-13208.51,13680.82,0
244,14,7.0,43.0,20455,13373.0,-13232.27,13697.57,0
245,14,7.0,41.0,20498,13425.0,-13283.75,13726.380000000001,0
246,14,7.0,42.0,20520,13451.0,-13309.49,13741.12,0
247,14,7.0,44.0,20625,13516.0,-13373.84,13811.47,0
248,14,7.0,44.0,20723,13558.0,-13415.42,13877.130000000001,0
249,14,7.0,44.0,20816,13635.0,-13491.65,13939.44,0
250,14,7.0,44.0,20837,13670.0,-13526.3,13953.51,0
251,14,7.0,44.0,20877,13732.0,-13587.68,13980.31,0
252,14,7.0,44.0,20896,13764.0,-13619.36,13993.04,0
253,14,7.0,44.0,20938,13832.0,-13686.68,14021.18,0
254,14,7.0,44.0,20957,13865.0,-13719.35,14033.91,0
255,14,7.0,43.0,20994,13924.0,-13777.76,14058.7,0
256,14,7.0,42.0,21014,13951.0,-13804.49,14072.1,0
257,14,7.0,40.0,21060,13999.0,-13852.01,14102.92,0
258,14,7.0,40.0,21079,14022.0,-13874.78,14115.65,0
259,14,7.0,44.0,21113,14066.0,-13918.34,14138.43,0
260,14,7.0,43.0,21130,14094.0,-13946.06,14149.82,0
261,14,7.0,43.0,21169,14144.0,-13995.56,14175.95,0
262,14,7.0,44.0,21187,14168.0,-14019.32,14188.01,1
263,14,7.0,43.0,21230,14227.0,-14077.73,14216.82,1
264,14,7.0,43.0,21299,14262.0,-14112.38,14263.050000000001,1
265,14,7.0,39.0,21328,14290.0,-14140.1,14282.48,1
266,14,7.0,43.0,21367,14335.0,-14184.65,14308.61,1
267,14,7.0,40.0,21387,14358.0,-14207.42,14322.01,1
268,14,7.0,43.0,21425,14398.0,-14247.02,14347.47,1
269,14,7.0,43.0,21443,14421.0,-14269.789999999999,14359.53,1
270,14,7.0,39.0,21481,14468.0,-14316.32,14384.99,1
271,14,7.0,43.0,21498,14490.0,-14338.1,14396.380000000001,1
272,14,7.0,42.0,21550,14539.0,-14386.61,14431.22,1
273,14,7.0,42.0,21568,14557.0,-14404.43,14443.28,1
274,14,7.0,42.0,21606,14593.0,-14440.07,14468.74,1
275,14,7.0,42.0,21691,14624.0,-14470.76,14525.69,1
276,14,7.0,43.0,21785,14667.0,-14513.33,14588.67,1
277,14,7.0,44.0,21802,14685.0,-14531.15,14600.06,1
278,14,7.0,44.0,21837,14714.0,-14559.86,14623.51,1
279,14,7.0,45.0,21877,14753.0,-14598.47,14650.31,1
280,14,7.0,44.0,21895,14769.0,-14614.31,14662.37,1
281,14,7.0,43.0,21941,14810.0,-14654.9,14693.19,1
282,14,7.0,42.0,21958,14826.0,-14670.74,14704.58,1
283,14,7.0,39.0,21990,14853.0,-14697.47,14726.02,1
284,14,7.0,39.0,22064,14872.0,-14716.28,14775.6,1
285,14,7.0,43.0,22110,14907.0,-14750.93,14806.42,1
286,14,7.0,42.0,22126,14924.0,-14767.76,14817.14,1
287,14,7.0,43.0,22158,14958.0,-14801.42,14838.58,1
288,14,7.0,42.0,22175,14973.0,-14816.27,14849.97,1
289,14,7.0,40.0,22206,15009.0,-14851.91,14870.74,1
290,14,7.0,43.0,22221,15028.0,-14870.72,14880.79,1
291,14,7.0,39.0,22252,15058.0,-14900.42,14901.56,1
292,14,7.0,43.0,22267,15074.0,-14916.26,14911.61,1
608,5,2.0,41.0,331,7.0,-4.43,219.69,0
609,5,2.0,38.0,434,7.0,-4.43,288.70000000000005,0
610,5,2.0,37.0,546,8.0,-5.42,363.74000000000007,0
611,5,2.0,30.0,649,8.0,-5.42,432.75000000000006,0
612,5,2.0,37.0,755,8.0,-5.42,503.77000000000004,0
613,5,2.0,33.0,857,8.0,-5.42,572.11,0
614,5,2.0,37.0,970,9.0,-6.41,647.82,0
615,5,2.0,41.0,1073,9.0,-6.41,716.83,0
616,5,2.0,36.0,1164,9.0,-6.41,777.8,0
617,5,2.0,38.0,1229,9.0,-6.41,821.35,0
618,5,2.0,39.0,1361,9.0,-6.41,909.79,0
619,5,2.0,33.0,1426,9.0,-6.41,953.34,0
620,5,2.0,33.0,1558,9.0,-6.41,1041.7800000000002,0
621,5,2.0,35.0,1622,9.0,-6.41,1084.66,0
622,5,2.0,36.0,1754,9.0,-6.41,1173.1000000000001,0
623,5,2.0,34.0,1818,9.0,-6.41,1215.9800000000002,0
624,5,2.0,32.0,1951,9.0,-6.41,1305.0900000000001,0
625,5,2.0,33.0,2014,9.0,-6.41,1347.3000000000002,0
626,5,2.0,31.0,2145,9.0,-6.41,1435.0700000000002,0
627,5,2.0,34.0,2214,9.0,-6.41,1481.3000000000002,0
628,5,2.0,33.0,2364,9.0,-6.41,1581.8000000000002,0
629,5,2.0,36.0,2437,9.0,-6.41,1630.7100000000003,0
630,5,2.0,34.0,2584,9.0,-6.41,1729.2000000000003,0
631,5,2.0,36.0,2660,9.0,-6.41,1780.1200000000001,0
632,5,2.0,30.0,2808,9.0,-6.41,1879.2800000000002,0
633,5,2.0,34.0,2883,9.0,-6.41,1929.5300000000002,0
634,5,2.0,35.0,3034,9.0,-6.41,2030.7000000000003,0
635,5,2.0,37.0,3110,9.0,-6.41,2081.6200000000003,0
636,5,2.0,35.0,3259,9.0,-6.41,2181.4500000000003,0
637,5,2.0,34.0,3335,9.0,-6.41,2232.3700000000003,0
638,5,2.0,36.0,3407,9.0,-6.41,2280.61,0
639,5,2.0,36.0,3557,9.0,-6.41,2381.11,0
640,5,2.0,33.0,3631,9.0,-6.41,2430.69,0
641,5,2.0,29.0,3785,9.0,-6.41,2533.8700000000003,0
642,5,2.0,31.0,3935,9.0,-6.41,2634.3700000000003,0
643,5,2.0,37.0,4010,9.0,-6.41,2684.6200000000003,0
644,5,2.0,30.0,4157,9.0,-6.41,2783.11,0
645,5,2.0,35.0,4231,9.0,-6.41,2832.69,0
646,5,2.0,35.0,4380,9.0,-6.41,2932.5200000000004,0
647,5,2.0,34.0,4455,9.0,-6.41,2982.7700000000004,0
648,5,2.0,36.0,4607,9.0,-6.41,3084.61,0
649,5,2.0,31.0,4681,9.0,-6.41,3134.19,0
650,5,2.0,35.0,4832,9.0,-6.41,3235.36,0
651,5,2.0,33.0,4906,9.0,-6.41,3284.94,0
652,5,2.0,31.0,5057,9.0,-6.41,3386.11,0
653,5,2.0,34.0,5131,9.0,-6.41,3435.69,0
654,5,2.0,34.0,5281,9.0,-6.41,3536.1900000000005,0
655,5,2.0,35.0,5357,9.0,-6.41,3587.11,0
656,5,2.0,30.0,5507,9.0,-6.41,3687.61,0
657,5,2.0,32.0,5583,9.0,-6.41,3738.53,0
658,5,2.0,35.0,5732,9.0,-6.41,3838.36,0
659,5,2.0,37.0,5809,9.0,-6.41,3889.9500000000003,0
660,5,2.0,38.0,5957,9.0,-6.41,3989.11,0
661,5,2.0,36.0,6035,9.0,-6.41,4041.3700000000003,0
662,5,2.0,34.0,6182,9.0,-6.41,4139.860000000001,0
663,5,2.0,35.0,6259,9.0,-6.41,4191.450000000001,0
664,5,2.0,35.0,6407,9.0,-6.41,4290.610000000001,0
665,5,2.0,36.0,6484,9.0,-6.41,4342.200000000001,0
666,5,2.0,35.0,6630,9.0,-6.41,4440.02,0
667,5,2.0,35.0,6630,9.0,-6.41,4440.02,0
668,10,6.0,35.0,7021,21.0,-15.79,4697.830000000001,0
669,10,6.0,35.0,7156,36.0,-30.64,4788.280000000001,0
670,10,6.0,36.0,7244,63.0,-57.37,4847.240000000001,0
671,10,6.0,36.0,7441,140.0,-133.6,4979.2300000000005,0
672,10,6.0,36.0,7543,178.0,-171.22,5047.570000000001,0
673,10,6.0,35.0,7739,252.0,-244.48,5178.89,0
674,10,6.0,36.0,7840,291.0,-283.09,5246.56,0
675,10,6.0,37.0,8039,368.0,-359.32,5379.89,0
676,10,6.0,35.0,8238,444.0,-434.56,5513.22,0
677,10,6.0,36.0,8338,480.0,-470.2,5580.22,0
678,10,6.0,35.0,8536,557.0,-546.43,5712.88,0
679,10,6.0,39.0,8637,598.0,-587.02,5780.55,0
680,10,6.0,37.0,8837,682.0,-670.18,5914.55,0
681,10,6.0,38.0,8939,726.0,-713.74,5982.89,0
682,10,6.0,36.0,9140,809.0,-795.91,6117.56,0
683,10,6.0,36.0,9194,844.0,-830.56,6153.740000000001,0
684,10,6.0,36.0,9232,883.0,-869.17,6179.200000000001,0
685,10,6.0,39.0,9362,961.0,-946.39,6266.3,0
686,10,6.0,39.0,9464,1012.0,-996.88,6334.64,0
687,10,6.0,38.0,9664,1094.0,-1078.06,6468.64,0
688,10,6.0,36.0,9770,1176.0,-1159.24,6539.660000000001,0
689,10,6.0,36.0,9877,1222.0,-1204.78,6611.35,0
690,10,6.0,36.0,10087,1307.0,-1288.93,6752.05,0
691,10,6.0,36.0,10139,1352.0,-1333.48,6786.89,0
692,10,6.0,36.0,10225,1433.0,-1413.67,6844.51,0
693,10,6.0,36.0,10316,1474.0,-1454.26,6905.4800000000005,0
694,10,6.0,36.0,10543,1563.0,-1542.37,7057.570000000001,0
695,10,6.0,36.0,10615,1610.0,-1588.9,7105.81,0
696,10,6.0,37.0,10689,1693.0,-1671.07,7155.39,0
697,10,6.0,36.0,10726,1732.0,-1709.68,7180.18,0
698,10,6.0,37.0,10863,1813.0,-1789.87,7271.97,0
699,10,6.0,39.0,10902,1852.0,-1828.48,7298.1,0
700,10,6.0,37.0,11008,1933.0,-1908.67,7369.120000000001,0
701,10,6.0,37.0,11118,1986.0,-1961.1399999999999,7442.820000000001,0
702,10,6.0,37.0,11282,2065.0,-2039.35,7552.700000000001,0
703,10,6.0,37.0,11319,2106.0,-2079.94,7577.490000000001,0
704,10,6.0,38.0,11417,2183.0,-2156.17,7643.150000000001,0
705,10,6.0,37.0,11507,2228.0,-2200.72,7703.450000000001,0
706,10,6.0,38.0,11617,2309.0,-2280.91,7777.150000000001,0
707,10,6.0,37.0,11654,2350.0,-2321.5,7801.9400000000005,0
708,10,6.0,37.0,11727,2431.0,-2401.69,7850.85,0
709,10,6.0,37.0,11763,2475.0,-2445.25,7874.97,0
710,10,6.0,38.0,11960,2576.0,-2545.24,8006.960000000001,0
711,10,6.0,37.0,12056,2657.0,-2625.43,8071.280000000001,0
712,10,6.0,38.0,12093,2693.0,-2661.07,8096.070000000001,0
713,10,6.0,35.0,12170,2777.0,-2744.23,8147.660000000001,0
714,10,6.0,38.0,12206,2819.0,-2785.81,8171.780000000001,0
715,10,6.0,39.0,12282,2905.0,-2870.95,8222.7,0
716,10,6.0,38.0,12364,2953.0,-2918.47,8277.640000000001,0
717,10,6.0,34.0,12586,3053.0,-3017.47,8426.380000000001,0
718,10,6.0,37.0,12691,3098.0,-3062.02,8496.730000000001,0
719,10,6.0,35.0,12765,3181.0,-3144.19,8546.310000000001,0
720,10,6.0,37.0,12801,3224.0,-3186.7599999999998,8570.43,0
721,10,6.0,38.0,12873,3308.0,-3269.92,8618.67,0
722,10,6.0,38.0,12908,3353.0,-3314.47,8642.12,0
723,10,6.0,38.0,12979,3441.0,-3401.59,8689.69,0
724,10,6.0,38.0,13013,3487.0,-3447.13,8712.470000000001,0
725,10,6.0,38.0,13197,3585.0,-3544.15,8835.75,0
726,10,6.0,38.0,13308,3638.0,-3596.62,8910.12,0
727,10,6.0,37.0,13404,3721.0,-3678.79,8974.44,0
728,10,6.0,38.0,13439,3762.0,-3719.38,8997.890000000001,0
729,10,6.0,39.0,13510,3840.0,-3796.6,9045.460000000001,0
730,10,6.0,35.0,13579,3922.0,-3877.7799999999997,9091.69,0
731,10,6.0,35.0,13614,3960.0,-3915.4,9115.140000000001,0
732,10,6.0,35.0,13683,4040.0,-3994.6,9161.37,0
733,10,6.0,34.0,13770,4096.0,-4050.04,9219.660000000002,0
734,10,6.0,36.0,13840,4169.0,-4122.31,9266.560000000001,0
735,10,6.0,34.0,13876,4210.0,-4162.9,9290.68,0
736,10,6.0,36.0,13946,4296.0,-4248.04,9337.58,0
737,10,6.0,34.0,13979,4338.0,-4289.62,9359.69,0
738,10,6.0,35.0,14047,4414.0,-4364.86,9405.25,0
739,10,6.0,35.0,14079,4451.0,-4401.49,9426.69,0
740,10,6.0,36.0,14145,4528.0,-4477.72,9470.910000000002,0
741,10,6.0,35.0,14176,4565.0,-4514.35,9491.68,0
742,10,6.0,35.0,14324,4653.0,-4601.47,9590.84,0
743,10,6.0,35.0,14429,4701.0,-4648.99,9661.19,0
744,10,6.0,36.0,14614,4791.0,-4738.09,9785.140000000001,0
745,10,6.0,34.0,14645,4831.0,-4777.69,9805.910000000002,0
746,10,6.0,35.0,14706,4909.0,-4854.91,9846.78,0
747,10,6.0,35.0,14737,4942.0,-4887.58,9867.550000000001,0
748,10,6.0,36.0,14808,5017.0,-4961.83,9915.12,0
749,10,6.0,34.0,14840,5052.0,-4996.48,9936.560000000001,0
750,10,6.0,36.0,14906,5119.0,-5062.81,9980.78,0
751,10,6.0,38.0,14937,5154.0,-5097.46,10001.550000000001,0
752,10,6.0,36.0,14999,5221.0,-5163.79,10043.09,0
753,10,6.0,35.0,15032,5256.0,-5198.44,10065.2,0
754,10,6.0,36.0,15199,5344.0,-5285.56,10177.09,0
755,10,6.0,35.0,15231,5381.0,-5322.19,10198.53,0
756,10,6.0,35.0,15293,5442.0,-5382.58,10240.070000000002,0
757,10,6.0,34.0,15324,5476.0,-5416.24,10260.84,0
758,10,6.0,36.0,15382,5542.0,-5481.58,10299.7,0
759,10,6.0,34.0,15412,5572.0,-5511.28,10319.800000000001,0
760,10,6.0,36.0,15474,5628.0,-5566.72,10361.34,0
761,10,6.0,34.0,15504,5660.0,-5598.4,10381.44,0
762,10,6.0,35.0,15578,5744.0,-5681.56,10431.02,0
763,10,6.0,39.0,15610,5772.0,-5709.28,10452.460000000001,0
764,10,6.0,39.0,15671,5831.0,-5767.69,10493.330000000002,0
765,10,6.0,39.0,15700,5868.0,-5804.32,10512.76,0
766,10,6.0,40.0,15810,5946.0,-5881.54,10586.460000000001,0
767,10,6.0,39.0,15922,5989.0,-5924.11,10661.5,0
768,10,6.0,42.0,16033,6062.0,-5996.38,10735.87,0
769,10,6.0,41.0,16094,6129.0,-6062.71,10776.740000000002,0
770,10,6.0,41.0,16123,6158.0,-6091.42,10796.17,0
771,10,6.0,42.0,16179,6221.0,-6153.79,10833.69,0
772,10,6.0,41.0,16209,6253.0,-6185.47,10853.79,0
773,10,6.0,41.0,16267,6312.0,-6243.88,10892.650000000001,0
774,10,6.0,40.0,16294,6341.0,-6272.59,10910.740000000002,0
775,10,6.0,41.0,16355,6407.0,-6337.93,10951.61,0
776,10,6.0,39.0,16389,6443.0,-6373.57,10974.390000000001,0
777,10,6.0,41.0,16444,6488.0,-6418.12,11011.240000000002,0
778,10,6.0,41.0,16472,6511.0,-6440.89,11030.0,0
779,10,6.0,41.0,16526,6563.0,-6492.37,11066.18,0
780,10,6.0,41.0,16552,6591.0,-6520.09,11083.6,0
781,10,6.0,40.0,16629,6649.0,-6577.51,11135.19,0
782,10,6.0,40.0,16738,6691.0,-6619.09,11208.220000000001,0
783,10,6.0,40.0,16810,6754.0,-6681.46,11256.460000000001,0
784,10,6.0,40.0,16841,6784.0,-6711.16,11277.230000000001,0
785,10,6.0,39.0,16897,6847.0,-6773.53,11314.75,0
786,10,6.0,40.0,16923,6876.0,-6802.24,11332.17,0
787,10,6.0,41.0,16977,6934.0,-6859.66,11368.35,0
788,10,6.0,41.0,17004,6963.0,-6888.37,11386.44,0
789,10,6.0,41.0,17060,7025.0,-6949.75,11423.960000000001,0
790,10,6.0,41.0,17087,7052.0,-6976.48,11442.050000000001,0
791,10,6.0,40.0,17139,7095.0,-7019.05,11476.890000000001,0
792,10,6.0,41.0,17163,7120.0,-7043.8,11492.970000000001,0
793,10,6.0,42.0,17210,7163.0,-7086.37,11524.460000000001,0
794,10,6.0,41.0,17233,7186.0,-7109.14,11539.87,0
795,10,6.0,40.0,17344,7253.0,-7175.47,11614.240000000002,0
796,10,6.0,38.0,17450,7286.0,-7208.14,11685.26,0
797,10,6.0,41.0,17506,7345.0,-7266.55,11722.78,0
798,10,6.0,41.0,17533,7372.0,-7293.28,11740.87,0
799,10,6.0,41.0,17585,7429.0,-7349.71,11775.710000000001,0
800,10,6.0,41.0,17611,7461.0,-7381.39,11793.130000000001,0
801,10,6.0,41.0,17661,7514.0,-7433.86,11826.630000000001,0
802,10,6.0,41.0,17689,7540.0,-7459.6,11845.390000000001,0
803,10,6.0,41.0,17739,7596.0,-7515.04,11878.890000000001,0
804,10,6.0,41.0,17768,7629.0,-7547.71,11898.320000000002,0
805,10,6.0,39.0,17813,7672.0,-7590.28,11928.470000000001,0
806,10,6.0,41.0,17835,7693.0,-7611.07,11943.210000000001,0
807,10,6.0,39.0,17877,7736.0,-7653.64,11971.35,0
808,10,6.0,41.0,17899,7755.0,-7672.45,11986.09,0
809,10,6.0,42.0,17940,7794.0,-7711.0599999999995,12013.560000000001,0
810,10,6.0,42.0,17962,7820.0,-7736.8,12028.300000000001,0
811,10,6.0,42.0,18065,7917.0,-7832.83,12097.310000000001,0
812,10,6.0,40.0,18092,7944.0,-7859.5599999999995,12115.400000000001,0
813,10,6.0,42.0,18138,7996.0,-7911.04,12146.220000000001,0
814,10,6.0,41.0,18161,8022.0,-7936.78,12161.630000000001,0
815,10,6.0,40.0,18206,8070.0,-7984.3,12191.78,0
816,10,6.0,41.0,18231,8093.0,-8007.07,12208.53,0
817,10,6.0,40.0,18282,8138.0,-8051.62,12242.7,0
818,10,6.0,40.0,18316,8168.0,-8081.32,12265.480000000001,0
819,10,6.0,38.0,18359,8202.0,-8114.98,12294.29,0
820,10,6.0,40.0,18379,8218.0,-8130.82,12307.69,0
821,10,6.0,40.0,18423,8261.0,-8173.39,12337.17,0
822,10,6.0,40.0,18446,8283.0,-8195.17,12352.580000000002,0
823,10,6.0,39.0,18613,8342.0,-8253.58,12464.470000000001,0
824,10,6.0,40.0,18719,8374.0,-8285.26,12535.490000000002,0
825,10,6.0,39.0,18789,8428.0,-8338.72,12582.390000000001,0
826,10,6.0,38.0,18815,8453.0,-8363.47,12599.810000000001,0
827,10,6.0,37.0,18863,8500.0,-8410.0,12631.970000000001,0
828,10,6.0,40.0,18888,8524.0,-8433.76,12648.720000000001,0
829,10,6.0,40.0,18935,8571.0,-8480.289999999999,12680.210000000001,0
830,10,6.0,39.0,18958,8593.0,-8502.07,12695.62,0
831,10,6.0,39.0,19009,8640.0,-8548.6,12729.79,0
832,10,6.0,39.0,19034,8659.0,-8567.41,12746.54,0
833,10,6.0,40.0,19076,8692.0,-8600.08,12774.68,0
834,10,6.0,38.0,19097,8712.0,-8619.88,12788.750000000002,0
835,10,6.0,39.0,19140,8750.0,-8657.5,12817.560000000001,0
836,10,6.0,39.0,19162,8767.0,-8674.33,12832.300000000001,0
837,10,6.0,39.0,19206,8804.0,-8710.96,12861.78,0
838,10,6.0,39.0,19227,8824.0,-8730.76,12875.85,0
839,10,6.0,39.0,19288,8885.0,-8791.15,12916.720000000001,0
840,10,6.0,37.0,19307,8910.0,-8815.9,12929.45,0
841,10,6.0,39.0,19401,8975.0,-8880.25,12992.43,0
842,10,6.0,39.0,19444,8999.0,-8904.01,13021.240000000002,0
843,10,6.0,39.0,19486,9046.0,-8950.539999999999,13049.380000000001,0
844,10,6.0,39.0,19506,9068.0,-8972.32,13062.78,0
845,10,6.0,39.0,19554,9114.0,-9017.86,13094.94,0
846,10,6.0,34.0,19579,9132.0,-9035.68,13111.69,0
847,10,6.0,37.0,19621,9169.0,-9072.31,13139.830000000002,0
848,10,6.0,36.0,19643,9186.0,-9089.14,13154.570000000002,0
849,10,6.0,37.0,19688,9222.0,-9124.78,13184.720000000001,0
850,10,6.0,37.0,19708,9240.0,-9142.6,13198.12,0
851,10,6.0,35.0,19751,9275.0,-9177.25,13226.93,0
852,10,6.0,35.0,19771,9294.0,-9196.06,13240.330000000002,0
853,10,6.0,35.0,19844,9350.0,-9251.5,13289.240000000002,0
854,10,6.0,36.0,19863,9367.0,-9268.33,13301.970000000001,0
855,10,6.0,38.0,20061,9419.0,-9319.81,13434.630000000001,0
856,10,6.0,35.0,20165,9447.0,-9347.53,13504.310000000001,0
857,10,6.0,37.0,20258,9486.0,-9386.14,13566.62,0
858,10,6.0,37.0,20277,9505.0,-9404.95,13579.35,0
859,10,6.0,38.0,20323,9547.0,-9446.53,13610.170000000002,0
860,10,6.0,37.0,20344,9563.0,-9462.37,13624.240000000002,0
861,10,6.0,35.0,20382,9592.0,-9491.08,13649.7,0
862,10,6.0,35.0,20402,9606.0,-9504.94,13663.1,0
863,10,6.0,38.0,20442,9636.0,-9534.64,13689.900000000001,0
864,10,6.0,37.0,20462,9651.0,-9549.49,13703.300000000001,0
865,10,6.0,37.0,20503,9683.0,-9581.17,13730.77,0
866,10,6.0,37.0,20523,9699.0,-9597.01,13744.170000000002,0
867,10,6.0,38.0,20584,9740.0,-9637.6,13785.04,0
868,10,6.0,37.0,20604,9754.0,-9651.46,13798.44,0
869,10,6.0,38.0,20643,9787.0,-9684.13,13824.570000000002,0
870,10,6.0,37.0,20663,9802.0,-9698.98,13837.970000000001,0
871,10,6.0,37.0,20806,9849.0,-9745.51,13933.78,0
872,10,6.0,36.0,20909,9875.0,-9771.25,14002.79,0
873,10,6.0,34.0,21057,9923.0,-9818.77,14101.95,0
874,10,6.0,33.0,21074,9939.0,-9834.61,14113.340000000002,0
875,10,6.0,34.0,21111,9969.0,-9864.31,14138.130000000001,0
876,10,6.0,37.0,21129,9984.0,-9879.16,14150.19,0
877,10,6.0,35.0,21166,10011.0,-9905.89,14174.980000000001,0
878,10,6.0,36.0,21183,10025.0,-9919.75,14186.37,0
879,10,6.0,37.0,21221,10054.0,-9948.46,14211.830000000002,0
880,10,6.0,36.0,21240,10072.0,-9966.28,14224.560000000001,0
881,10,6.0,37.0,21295,10116.0,-10009.84,14261.410000000002,0
882,10,6.0,36.0,21316,10132.0,-10025.68,14275.480000000001,0
883,10,6.0,37.0,21352,10163.0,-10056.37,14299.6,0
884,10,6.0,34.0,21370,10181.0,-10074.19,14311.660000000002,0
885,10,6.0,33.0,21485,10223.0,-10115.77,14388.710000000001,0
886,10,6.0,34.0,21586,10248.0,-10140.52,14456.380000000001,0
887,10,6.0,36.0,21755,10296.0,-10188.039999999999,14569.61,0
888,10,6.0,36.0,21772,10311.0,-10202.89,14581.000000000002,0
889,10,6.0,35.0,21811,10341.0,-10232.59,14607.130000000001,0
890,10,6.0,36.0,21829,10358.0,-10249.42,14619.19,0
891,10,6.0,35.0,21866,10396.0,-10287.039999999999,14643.980000000001,0
892,10,6.0,34.0,21883,10412.0,-10302.88,14655.37,1
893,10,6.0,36.0,21918,10443.0,-10333.57,14678.820000000002,1
894,10,6.0,36.0,21937,10460.0,-10350.4,14691.550000000001,1
895,10,6.0,36.0,22004,10505.0,-10394.95,14736.44,1
896,10,6.0,36.0,22022,10520.0,-10409.8,14748.500000000002,1
897,10,6.0,34.0,22058,10547.0,-10436.53,14772.62,1
898,10,6.0,35.0,22076,10559.0,-10448.41,14784.68,1
899,10,6.0,37.0,22111,10585.0,-10474.15,14808.130000000001,1
900,10,6.0,36.0,22128,10602.0,-10490.98,14819.52,1
901,10,6.0,35.0,22298,10647.0,-10535.53,14933.420000000002,1
902,10,6.0,33.0,22325,10664.0,-10552.36,14951.51,1
903,10,6.0,35.0,22359,10686.0,-10574.14,14974.29,1
904,10,6.0,35.0,22377,10699.0,-10587.01,14986.35,1
905,10,6.0,36.0,22415,10726.0,-10613.74,15011.810000000001,1
906,10,6.0,35.0,22432,10739.0,-10626.61,15023.2,1
907,10,6.0,33.0,22469,10765.0,-10652.35,15047.990000000002,1
908,10,6.0,35.0,22488,10778.0,-10665.22,15060.720000000001,1
909,10,6.0,33.0,22542,10816.0,-10702.84,15096.900000000001,1
910,10,6.0,35.0,22560,10828.0,-10714.72,15108.960000000001,1
911,10,6.0,36.0,22619,10870.0,-10756.3,15148.490000000002,1
912,10,6.0,36.0,22637,10883.0,-10769.17,15160.550000000001,1
913,10,6.0,36.0,22795,10926.0,-10811.74,15266.410000000002,1
914,10,6.0,32.0,22843,10939.0,-10824.61,15298.570000000002,1
915,10,6.0,35.0,22878,10969.0,-10854.31,15322.02,1
916,10,6.0,35.0,22895,10985.0,-10870.15,15333.410000000002,1
917,10,6.0,35.0,22928,11015.0,-10899.85,15355.52,1
918,10,6.0,36.0,22944,11029.0,-10913.71,15366.240000000002,1
919,10,6.0,32.0,22978,11057.0,-10941.43,15389.02,1
920,10,6.0,32.0,22996,11071.0,-10955.289999999999,15401.080000000002,1
921,10,6.0,36.0,23031,11101.0,-10984.99,15424.53,1
922,10,6.0,35.0,23049,11116.0,-10999.84,15436.590000000002,1
1019,6,2.0,32.0,280,8.0,-4.92,185.52,0
1020,6,2.0,30.0,389,10.0,-6.9,258.55,0
1021,6,2.0,33.0,463,10.0,-6.9,308.13000000000005,0
1022,6,2.0,37.0,661,77.0,-73.23,440.79,0
1023,6,2.0,37.0,761,113.0,-108.87,507.79,0
1024,6,2.0,37.0,961,194.0,-189.06,641.79,0
1025,6,2.0,37.0,1058,230.0,-224.7,706.78,0
1026,6,2.0,37.0,1256,304.0,-297.96,839.44,0
1027,6,2.0,36.0,1356,333.0,-326.67,906.44,0
1028,6,2.0,37.0,1552,388.0,-381.12,1037.7600000000002,0
1029,6,2.0,38.0,1653,416.0,-408.84,1105.43,0
1030,6,2.0,38.0,1853,482.0,-474.18,1239.43,0
1031,6,2.0,39.0,1900,508.0,-499.92,1270.92,0
1032,6,2.0,38.0,2024,565.0,-556.35,1354.0000000000002,0
1033,6,2.0,39.0,2108,594.0,-585.06,1410.2800000000002,0
1034,6,2.0,38.0,2199,652.0,-642.48,1471.2500000000002,0
1035,6,2.0,38.0,2265,677.0,-667.23,1515.4700000000003,0
1036,6,2.0,38.0,2357,737.0,-726.63,1577.1100000000001,0
1037,6,2.0,38.0,2483,811.0,-799.89,1661.5300000000002,0
1038,6,2.0,38.0,2565,854.0,-842.46,1716.4700000000003,0
1039,6,2.0,38.0,2681,932.0,-919.68,1794.1900000000003,0
1040,6,2.0,38.0,2777,967.0,-954.33,1858.5100000000002,0
1041,6,2.0,38.0,2892,1037.0,-1023.6299999999999,1935.5600000000002,0
1042,6,2.0,37.0,2927,1068.0,-1054.32,1959.0100000000002,0
1043,6,2.0,38.0,3002,1143.0,-1128.57,2009.2600000000002,0
1044,6,2.0,38.0,3039,1181.0,-1166.19,2034.0500000000002,0
1045,6,2.0,38.0,3114,1260.0,-1244.4,2084.3,0
1046,6,2.0,38.0,3151,1296.0,-1280.04,2109.09,0
1047,6,2.0,38.0,3300,1391.0,-1374.09,2208.92,0
1048,6,2.0,37.0,3358,1429.0,-1411.71,2247.78,0
1049,6,2.0,37.0,3396,1463.0,-1445.37,2273.2400000000002,0
1050,6,2.0,38.0,3472,1526.0,-1507.74,2324.1600000000003,0
1051,6,2.0,38.0,3509,1556.0,-1537.44,2348.9500000000003,0
1052,6,2.0,38.0,3585,1625.0,-1605.75,2399.8700000000003,0
1053,6,2.0,38.0,3624,1662.0,-1642.3799999999999,2426.0,0
1054,6,2.0,37.0,3691,1723.0,-1702.77,2470.8900000000003,0
1055,6,2.0,37.0,3772,1793.0,-1772.07,2525.1600000000003,0
1056,6,2.0,37.0,3807,1826.0,-1804.74,2548.61,0
1057,6,2.0,38.0,3879,1886.0,-1864.1399999999999,2596.8500000000004,0
1058,6,2.0,38.0,3917,1919.0,-1896.81,2622.3100000000004,0
1059,6,2.0,38.0,3988,1986.0,-1963.1399999999999,2669.88,0
1060,6,2.0,38.0,4024,2020.0,-1996.8,2694.0000000000005,0
1061,6,2.0,38.0,4098,2089.0,-2065.11,2743.5800000000004,0
1062,6,2.0,38.0,4134,2122.0,-2097.78,2767.7000000000003,0
1063,6,2.0,39.0,4210,2185.0,-2160.15,2818.6200000000003,0
1064,6,2.0,39.0,4248,2217.0,-2191.83,2844.0800000000004,0
1065,6,2.0,40.0,4335,2296.0,-2270.04,2902.3700000000003,0
1066,6,2.0,39.0,4380,2339.0,-2312.61,2932.5200000000004,0
1067,6,2.0,39.0,4469,2424.0,-2396.7599999999998,2992.15,0
1068,6,2.0,38.0,4514,2473.0,-2445.27,3022.3,0
1069,6,2.0,37.0,4602,2556.0,-2527.44,3081.26,0
1070,6,2.0,39.0,4694,2650.0,-2620.5,3142.9,0
1071,6,2.0,39.0,4739,2696.0,-2666.04,3173.05,0
1072,6,2.0,39.0,4831,2794.0,-2763.06,3234.69,0
1073,6,2.0,39.0,4875,2842.0,-2810.58,3264.17,0
1074,6,2.0,40.0,4964,2932.0,-2899.68,3323.8,0
1075,6,2.0,39.0,5008,2976.0,-2943.24,3353.28,0
1076,6,2.0,40.0,5048,3019.0,-2985.81,3380.0800000000004,0
1077,6,2.0,40.0,5128,3096.0,-3062.04,3433.6800000000003,0
1078,6,2.0,40.0,5221,3190.0,-3155.1,3495.9900000000002,0
1079,6,2.0,40.0,5262,3236.0,-3200.64,3523.4600000000005,0
1080,6,2.0,40.0,5348,3323.0,-3286.77,3581.0800000000004,0
1081,6,2.0,40.0,5391,3365.0,-3328.35,3609.8900000000003,0
1082,6,2.0,40.0,5481,3461.0,-3423.39,3670.1900000000005,0
1083,6,2.0,41.0,5523,3502.0,-3463.98,3698.3300000000004,0
1084,6,2.0,40.0,5612,3612.0,-3572.88,3757.9600000000005,0
1085,6,2.0,41.0,5657,3661.0,-3621.39,3788.11,0
1086,6,2.0,40.0,5742,3762.0,-3721.38,3845.0600000000004,0
1087,6,2.0,40.0,5783,3814.0,-3772.86,3872.53,0
1088,6,2.0,40.0,5865,3917.0,-3874.83,3927.4700000000003,0
1089,6,2.0,40.0,5907,3967.0,-3924.33,3955.61,0
1090,6,2.0,40.0,5941,4012.0,-3968.88,3978.3900000000003,0
1091,6,2.0,40.0,6012,4094.0,-4050.06,4025.9600000000005,0
1092,6,2.0,40.0,6047,4128.0,-4083.72,4049.4100000000003,0
1093,6,2.0,40.0,6116,4201.0,-4155.99,4095.6400000000003,0
1094,6,2.0,40.0,6148,4236.0,-4190.64,4117.08,0
1095,6,2.0,39.0,6214,4308.0,-4261.92,4161.3,0
1096,6,2.0,40.0,6277,4383.0,-4336.17,4203.51,0
1097,6,2.0,40.0,6308,4414.0,-4366.86,4224.280000000001,0
1098,6,2.0,44.0,6379,4485.0,-4437.15,4271.85,0
1099,6,2.0,44.0,6415,4520.0,-4471.8,4295.97,0
1100,6,2.0,43.0,6488,4592.0,-4543.08,4344.88,0
1101,6,2.0,44.0,6526,4628.0,-4578.72,4370.34,0
1102,6,2.0,43.0,6597,4700.0,-4650.0,4417.910000000001,0
1103,6,2.0,44.0,6632,4738.0,-4687.62,4441.360000000001,0
1104,6,2.0,42.0,6704,4804.0,-4752.96,4489.6,0
1105,6,2.0,43.0,6734,4831.0,-4779.69,4509.700000000001,0
1106,6,2.0,42.0,6796,4889.0,-4837.11,4551.240000000001,0
1107,6,2.0,43.0,6859,4950.0,-4897.5,4593.450000000001,0
1108,6,2.0,43.0,6887,4980.0,-4927.2,4612.21,0
1109,6,2.0,44.0,6945,5038.0,-4984.62,4651.070000000001,0
1110,6,2.0,43.0,6974,5063.0,-5009.37,4670.5,0
1111,6,2.0,44.0,7004,5097.0,-5043.03,4690.6,0
1112,6,2.0,44.0,7071,5173.0,-5118.2699999999995,4735.490000000001,0
1113,6,2.0,44.0,7108,5214.0,-5158.86,4760.280000000001,0
1114,6,2.0,44.0,7173,5283.0,-5227.17,4803.83,0
1115,6,2.0,44.0,7204,5318.0,-5261.82,4824.6,0
1116,6,2.0,42.0,7267,5380.0,-5323.2,4866.81,0
1117,6,2.0,41.0,7341,5437.0,-5379.63,4916.39,0
1118,6,2.0,40.0,7432,5507.0,-5448.93,4977.360000000001,0
1119,6,2.0,40.0,7463,5536.0,-5477.64,4998.13,0
1120,6,2.0,41.0,7534,5600.0,-5541.0,5045.700000000001,0
1121,6,2.0,41.0,7569,5634.0,-5574.66,5069.150000000001,0
1122,6,2.0,41.0,7636,5693.0,-5633.07,5114.04,0
1123,6,2.0,41.0,7669,5725.0,-5664.75,5136.150000000001,0
1124,6,2.0,41.0,7738,5786.0,-5725.14,5182.38,0
1125,6,2.0,41.0,7771,5817.0,-5755.83,5204.490000000001,0
1126,6,2.0,41.0,7838,5881.0,-5819.19,5249.38,0
1127,6,2.0,41.0,7873,5912.0,-5849.88,5272.830000000001,0
1128,6,2.0,41.0,7941,5973.0,-5910.2699999999995,5318.39,0
1129,6,2.0,41.0,7969,6001.0,-5937.99,5337.150000000001,0
1130,6,2.0,41.0,8028,6059.0,-5995.41,5376.68,0
1131,6,2.0,40.0,8061,6090.0,-6026.1,5398.79,0
1132,6,2.0,41.0,8127,6157.0,-6092.43,5443.01,0
1133,6,2.0,41.0,8160,6191.0,-6126.09,5465.120000000001,0
1134,6,2.0,41.0,8240,6257.0,-6191.43,5518.72,0
1135,6,2.0,41.0,8290,6306.0,-6239.94,5552.22,0
1136,6,2.0,41.0,8314,6329.0,-6262.71,5568.3,0
1137,6,2.0,41.0,8367,6380.0,-6313.2,5603.81,0
1138,6,2.0,40.0,8393,6405.0,-6337.95,5621.2300000000005,0
1139,6,2.0,41.0,8462,6491.0,-6423.09,5667.46,0
1140,6,2.0,41.0,8494,6521.0,-6452.79,5688.900000000001,0
1141,6,2.0,41.0,8555,6575.0,-6506.25,5729.77,0
1142,6,2.0,41.0,8588,6609.0,-6539.91,5751.88,0
1143,6,2.0,41.0,8661,6680.0,-6610.2,5800.790000000001,0
1144,6,2.0,40.0,8692,6713.0,-6642.87,5821.56,0
1145,6,2.0,41.0,8755,6775.0,-6704.25,5863.77,0
1146,6,2.0,40.0,8786,6800.0,-6729.0,5884.540000000001,0
1147,6,2.0,44.0,8851,6864.0,-6792.36,5928.09,0
1148,6,2.0,44.0,8886,6899.0,-6827.01,5951.540000000001,0
1149,6,2.0,44.0,8954,6971.0,-6898.29,5997.1,0
1150,6,2.0,44.0,8984,7002.0,-6928.98,6017.200000000001,0
1151,6,2.0,42.0,9042,7061.0,-6987.39,6056.06,0
1152,6,2.0,41.0,9071,7090.0,-7016.1,6075.490000000001,0
1153,6,2.0,42.0,9130,7147.0,-7072.53,6115.02,0
1154,6,2.0,40.0,9162,7179.0,-7104.21,6136.46,0
1155,6,2.0,42.0,9227,7244.0,-7168.5599999999995,6180.01,0
1156,6,2.0,41.0,9258,7275.0,-7199.25,6200.780000000001,0
1157,6,2.0,41.0,9412,7351.0,-7274.49,6303.96,0
1158,6,2.0,41.0,9516,7392.0,-7315.08,6373.64,0
1159,6,2.0,42.0,9599,7452.0,-7374.48,6429.250000000001,0
1160,6,2.0,40.0,9627,7480.0,-7402.2,6448.01,0
1161,6,2.0,42.0,9680,7542.0,-7463.58,6483.52,0
1162,6,2.0,42.0,9707,7565.0,-7486.35,6501.610000000001,0
1163,6,2.0,42.0,9765,7614.0,-7534.86,6540.47,0
1164,6,2.0,42.0,9794,7640.0,-7560.6,6559.900000000001,0
1165,6,2.0,41.0,9848,7689.0,-7609.11,6596.080000000001,0
1166,6,2.0,42.0,9876,7716.0,-7635.84,6614.84,0
1167,6,2.0,42.0,9932,7762.0,-7681.38,6652.360000000001,0
1168,6,2.0,42.0,9958,7784.0,-7703.16,6669.780000000001,0
1169,6,2.0,43.0,10011,7831.0,-7749.69,6705.290000000001,0
1170,6,2.0,43.0,10038,7857.0,-7775.43,6723.38,0
1171,6,2.0,43.0,10090,7908.0,-7825.92,6758.22,0
1172,6,2.0,42.0,10118,7932.0,-7849.68,6776.9800000000005,0
1173,6,2.0,43.0,10172,7979.0,-7896.21,6813.160000000001,0
1174,6,2.0,42.0,10199,8003.0,-7919.97,6831.250000000001,0
1175,6,2.0,43.0,10263,8064.0,-7980.36,6874.13,0
1176,6,2.0,42.0,10292,8092.0,-8008.08,6893.56,0
1177,6,2.0,47.0,10355,8138.0,-8053.62,6935.77,0
1178,6,2.0,49.0,10387,8166.0,-8081.34,6957.21,0
1179,7,2.0,50.0,10458,8234.0,-8148.16,7004.780000000001,0
1180,7,2.0,48.0,10489,8262.0,-8175.88,7025.55,0
1181,7,2.0,43.0,10545,8311.0,-8224.39,7063.070000000001,0
1182,7,2.0,38.0,10579,8339.0,-8252.11,7085.85,0
1183,7,2.0,43.0,10639,8397.0,-8309.53,7126.05,0
1184,7,2.0,40.0,10669,8426.0,-8338.24,7146.150000000001,0
1185,7,2.0,42.0,10728,8475.0,-8386.75,7185.68,0
1186,7,2.0,43.0,10790,8528.0,-8439.22,7227.22,0
1187,7,2.0,43.0,10819,8555.0,-8465.95,7246.650000000001,0
1188,7,2.0,45.0,10879,8611.0,-8521.39,7286.85,0
1189,7,2.0,40.0,10908,8638.0,-8548.12,7306.280000000001,0
1190,7,2.0,40.0,10943,8674.0,-8583.76,7329.7300000000005,0
1191,7,2.0,44.0,11014,8746.0,-8655.039999999999,7377.3,0
1192,7,2.0,44.0,11052,8781.0,-8689.69,7402.76,0
1193,7,2.0,41.0,11112,8838.0,-8746.12,7442.960000000001,0
1194,7,2.0,44.0,11142,8865.0,-8772.85,7463.06,0
1195,7,2.0,43.0,11203,8922.0,-8829.28,7503.93,0
1196,7,2.0,47.0,11277,8984.0,-8890.66,7553.51,0
1197,7,2.0,44.0,11316,9011.0,-8917.39,7579.64,0
1198,7,2.0,48.0,11371,9060.0,-8965.9,7616.490000000001,0
1199,7,2.0,44.0,11398,9083.0,-8988.67,7634.580000000001,0
1200,7,2.0,44.0,11453,9133.0,-9038.17,7671.43,0
1201,7,2.0,42.0,11482,9158.0,-9062.92,7690.860000000001,0
1202,7,2.0,44.0,11540,9214.0,-9118.36,7729.72,0
1203,7,2.0,47.0,11578,9242.0,-9146.08,7755.18,0
1204,7,2.0,45.0,11649,9299.0,-9202.51,7802.750000000001,0
1205,7,2.0,45.0,11675,9320.0,-9223.3,7820.170000000001,0
1206,7,2.0,45.0,11728,9366.0,-9268.84,7855.68,0
1207,7,2.0,47.0,11755,9387.0,-9289.63,7873.77,0
1208,7,2.0,47.0,11810,9432.0,-9334.18,7910.620000000001,0
1209,7,2.0,47.0,11837,9454.0,-9355.96,7928.710000000001,1
1210,7,2.0,46.0,11904,9505.0,-9406.45,7973.6,1
1211,7,2.0,44.0,11941,9535.0,-9436.15,7998.39,1
1212,7,2.0,48.0,12008,9587.0,-9487.63,8043.280000000001,1
1213,7,2.0,44.0,12036,9607.0,-9507.43,8062.040000000001,1
1214,7,2.0,47.0,12091,9645.0,-9545.05,8098.89,1
1215,7,2.0,45.0,12120,9666.0,-9565.84,8118.320000000001,1
1216,7,2.0,54.0,12254,9723.0,-9622.27,8208.1,1
1217,7,2.0,50.0,12358,9759.0,-9657.91,8277.78,1
1218,7,2.0,46.0,12465,9809.0,-9707.41,8349.470000000001,1
1219,7,2.0,45.0,12492,9832.0,-9730.18,8367.560000000001,1
1220,7,2.0,47.0,12546,9875.0,-9772.75,8403.74,1
1221,7,2.0,45.0,12574,9896.0,-9793.539999999999,8422.5,1
1222,7,2.0,48.0,12632,9942.0,-9839.08,8461.36,1
1223,7,2.0,45.0,12660,9965.0,-9861.85,8480.12,1
1224,7,2.0,48.0,12716,10009.0,-9905.41,8517.640000000001,1
1225,7,2.0,45.0,12740,10027.0,-9923.23,8533.720000000001,1
1226,7,2.0,47.0,12792,10068.0,-9963.82,8568.560000000001,1
1227,7,2.0,45.0,12818,10089.0,-9984.61,8585.980000000001,1
1228,7,2.0,46.0,12870,10131.0,-10026.19,8620.82,1
1229,7,2.0,45.0,12897,10152.0,-10046.98,8638.91,1
1230,7,2.0,48.0,12949,10194.0,-10088.56,8673.75,1
1231,7,2.0,47.0,13009,10245.0,-10139.05,8713.95,1
1232,7,2.0,49.0,13034,10268.0,-10161.82,8730.7,1
1233,7,2.0,46.0,13086,10309.0,-10202.41,8765.54,1
1234,7,2.0,48.0,13112,10333.0,-10226.17,8782.960000000001,1
1235,7,2.0,49.0,13168,10386.0,-10278.64,8820.480000000001,1
1236,7,2.0,47.0,13198,10415.0,-10307.35,8840.58,1
1237,7,2.0,48.0,13227,10442.0,-10334.08,8860.01,1
1238,7,2.0,48.0,13296,10515.0,-10406.35,8906.24,1
1239,7,2.0,44.0,13322,10540.0,-10431.1,8923.66,1
1240,2,1.0,30.0,467,1.0,0.010000000000000009,311.85,0
1241,2,1.0,35.0,524,16.0,-14.84,350.04,0
1242,2,1.0,32.0,579,35.0,-33.65,386.89,0
1243,2,1.0,34.0,640,61.0,-59.39,427.76,0
1244,2,1.0,34.0,689,79.0,-77.21,460.59000000000003,0
1245,2,1.0,34.0,736,99.0,-97.01,492.08,0
1246,2,1.0,34.0,779,117.0,-114.83,520.8900000000001,0
1247,2,1.0,31.0,826,136.0,-133.64,552.3800000000001,0
1248,2,1.0,35.0,876,156.0,-153.44,585.8800000000001,0
1249,2,1.0,35.0,927,178.0,-175.22,620.0500000000001,0
1250,2,1.0,34.0,972,195.0,-192.05,650.2,0
1251,2,1.0,35.0,1089,217.0,-213.82999999999998,728.59,0
1252,2,1.0,35.0,1224,243.0,-239.57,819.0400000000001,0
1253,2,1.0,35.0,1351,267.0,-263.33,904.1300000000001,0
1254,2,1.0,32.0,1401,290.0,-286.1,937.6300000000001,0
1255,2,1.0,35.0,1443,316.0,-311.84,965.7700000000001,0
1256,2,1.0,38.0,1488,346.0,-341.54,995.9200000000001,0
1257,2,1.0,31.0,1526,368.0,-363.32,1021.3800000000001,0
1258,2,1.0,35.0,1559,388.0,-383.12,1043.49,0
1259,2,1.0,32.0,1599,411.0,-405.89,1070.2900000000002,0
1260,2,1.0,35.0,1638,434.0,-428.65999999999997,1096.42,0
1261,2,1.0,35.0,1685,458.0,-452.42,1127.91,0
1262,2,1.0,35.0,1738,484.0,-478.15999999999997,1163.42,0
1263,2,1.0,29.0,1882,513.0,-506.87,1259.9,0
1264,2,1.0,32.0,2015,537.0,-530.63,1349.0100000000002,0
1265,2,1.0,32.0,2130,562.0,-555.38,1426.0600000000002,0
1266,2,1.0,32.0,2173,585.0,-578.15,1454.8700000000001,0
1267,2,1.0,32.0,2218,611.0,-603.89,1485.0200000000002,0
1268,2,1.0,29.0,2267,635.0,-627.65,1517.8500000000001,0
1269,2,1.0,32.0,2315,655.0,-647.45,1550.0100000000002,0
1270,2,1.0,29.0,2384,688.0,-680.12,1596.2400000000002,0
1271,2,1.0,32.0,2430,706.0,-697.9399999999999,1627.0600000000002,0
1272,2,1.0,29.0,2475,724.0,-715.76,1657.21,0
1273,2,1.0,32.0,2525,741.0,-732.59,1690.71,0
1274,2,1.0,29.0,2644,763.0,-754.37,1770.44,0
1275,2,1.0,32.0,2775,786.0,-777.14,1858.21,0
1276,2,1.0,32.0,2905,810.0,-800.9,1945.3100000000002,0
1277,2,1.0,33.0,2965,832.0,-822.68,1985.5100000000002,0
1278,2,1.0,33.0,3009,855.0,-845.45,2014.9900000000002,0
1279,2,1.0,33.0,3053,878.0,-868.22,2044.4700000000003,0
1280,2,1.0,30.0,3099,898.0,-888.02,2075.29,0
1281,2,1.0,33.0,3145,917.0,-906.83,2106.11,0
1282,2,1.0,30.0,3191,935.0,-924.65,2136.9300000000003,0
1283,2,1.0,33.0,3239,952.0,-941.48,2169.09,0
1284,2,1.0,33.0,3286,969.0,-958.31,2200.5800000000004,0
1285,2,1.0,33.0,3381,991.0,-980.09,2264.23,0
1286,2,1.0,30.0,3514,1019.0,-1007.81,2353.34,0
1287,2,1.0,33.0,3649,1047.0,-1035.53,2443.79,0
1288,2,1.0,33.0,3725,1070.0,-1058.3,2494.71,0
1289,2,1.0,33.0,3770,1095.0,-1083.05,2524.86,0
1290,2,1.0,33.0,3815,1124.0,-1111.76,2555.01,0
1291,2,1.0,33.0,3858,1146.0,-1133.54,2583.82,0
1292,2,1.0,33.0,3904,1167.0,-1154.33,2614.6400000000003,0
1293,2,1.0,30.0,3956,1192.0,-1179.08,2649.48,0
1294,2,1.0,32.0,4002,1212.0,-1198.8799999999999,2680.3,0
1295,2,1.0,30.0,4051,1238.0,-1224.62,2713.13,0
1296,2,1.0,32.0,4104,1259.0,-1245.41,2748.6400000000003,0
1297,2,1.0,32.0,4223,1284.0,-1270.16,2828.3700000000003,0
1298,2,1.0,32.0,4355,1311.0,-1296.89,2916.8100000000004,0
1299,2,1.0,34.0,4487,1336.0,-1321.64,3005.25,0
1300,2,1.0,36.0,4535,1358.0,-1343.42,3037.4100000000003,0
1301,2,1.0,35.0,4582,1382.0,-1367.18,3068.9,0
1302,2,1.0,34.0,4631,1405.0,-1389.95,3101.73,0
1303,2,1.0,33.0,4677,1427.0,-1411.73,3132.55,0
1304,2,1.0,30.0,4723,1446.0,-1430.54,3163.3700000000003,0
1305,2,1.0,33.0,4770,1467.0,-1451.33,3194.86,0
1306,2,1.0,33.0,4810,1492.0,-1476.08,3221.6600000000003,0
1307,2,1.0,29.0,4863,1520.0,-1503.8,3257.17,0
1308,2,1.0,34.0,4887,1533.0,-1516.67,3273.2500000000005,0
1309,2,1.0,32.0,4988,1559.0,-1542.41,3340.92,0
1310,2,1.0,34.0,5070,1574.0,-1557.26,3395.86,0
1311,2,1.0,34.0,5229,1603.0,-1585.97,3502.3900000000003,0
1312,2,1.0,29.0,5284,1614.0,-1596.86,3539.2400000000002,0
1313,2,1.0,29.0,5328,1639.0,-1621.61,3568.7200000000003,0
1314,2,1.0,32.0,5351,1653.0,-1635.47,3584.13,0
1315,2,1.0,33.0,5395,1677.0,-1659.23,3613.61,0
1316,2,1.0,28.0,5416,1689.0,-1671.11,3627.6800000000003,0
1317,2,1.0,33.0,5460,1712.0,-1693.8799999999999,3657.1600000000003,0
1318,2,1.0,31.0,5527,1750.0,-1731.5,3702.05,0
1319,2,1.0,33.0,5548,1761.0,-1742.3899999999999,3716.1200000000003,0
1320,2,1.0,34.0,5589,1790.0,-1771.1,3743.59,0
1321,2,1.0,32.0,5650,1803.0,-1783.97,3784.46,0
1322,2,1.0,33.0,5805,1835.0,-1815.65,3888.3100000000004,0
1323,2,1.0,33.0,5877,1849.0,-1829.51,3936.55,0
1324,2,1.0,30.0,5957,1871.0,-1851.29,3990.15,0
1325,2,1.0,33.0,5977,1883.0,-1863.17,4003.55,0
1326,2,1.0,33.0,6030,1919.0,-1898.81,4039.0600000000004,0
1327,2,1.0,33.0,6049,1931.0,-1910.69,4051.7900000000004,0
1328,2,1.0,31.0,6094,1962.0,-1941.3799999999999,4081.94,0
1329,2,1.0,33.0,6114,1974.0,-1953.26,4095.34,0
1330,2,1.0,31.0,6157,1997.0,-1976.03,4124.150000000001,0
1331,2,1.0,33.0,6178,2007.0,-1985.93,4138.22,0
1332,2,1.0,31.0,6221,2029.0,-2007.71,4167.030000000001,0
1333,2,1.0,35.0,6241,2040.0,-2018.6,4180.43,0
1334,2,1.0,34.0,6315,2087.0,-2065.13,4230.01,0
1335,2,1.0,34.0,6383,2102.0,-2079.98,4275.570000000001,0
1336,2,1.0,31.0,6536,2134.0,-2111.66,4378.08,0
1337,2,1.0,34.0,6613,2146.0,-2123.54,4429.67,0
1338,2,1.0,34.0,6688,2169.0,-2146.31,4479.92,0
1339,2,1.0,34.0,6708,2180.0,-2157.2,4493.320000000001,0
1340,2,1.0,33.0,6748,2206.0,-2182.94,4520.12,0
1341,2,1.0,31.0,6767,2220.0,-2196.8,4532.85,0
1342,2,1.0,33.0,6808,2245.0,-2221.55,4560.320000000001,0
1343,2,1.0,33.0,6829,2254.0,-2230.46,4574.39,0
1344,2,1.0,30.0,6874,2274.0,-2250.2599999999998,4604.54,0
1345,2,1.0,35.0,6893,2286.0,-2262.14,4617.27,0
1346,2,1.0,34.0,6931,2308.0,-2283.92,4642.7300000000005,0
1347,2,1.0,35.0,6951,2320.0,-2295.8,4656.13,0
1348,2,1.0,35.0,7001,2351.0,-2326.49,4689.63,0
1349,2,1.0,35.0,7021,2364.0,-2339.36,4703.030000000001,0
1350,2,1.0,30.0,7057,2387.0,-2362.13,4727.150000000001,0
1351,2,1.0,35.0,7076,2399.0,-2374.0099999999998,4739.88,0
1352,2,1.0,34.0,7114,2422.0,-2396.78,4765.34,0
1353,2,1.0,35.0,7133,2434.0,-2408.66,4778.070000000001,0
1354,2,1.0,32.0,7168,2459.0,-2433.41,4801.52,0
1355,2,1.0,30.0,7231,2499.0,-2473.0099999999998,4843.7300000000005,0
1356,2,1.0,33.0,7251,2510.0,-2483.9,4857.13,0
1357,2,1.0,33.0,7330,2535.0,-2508.65,4910.06,0
1358,2,1.0,33.0,7403,2550.0,-2523.5,4958.97,0
1359,2,1.0,33.0,7550,2577.0,-2550.23,5057.46,0
1360,2,1.0,33.0,7602,2590.0,-2563.1,5092.3,0
1361,2,1.0,30.0,7639,2612.0,-2584.88,5117.09,0
1362,2,1.0,33.0,7656,2622.0,-2594.78,5128.4800000000005,0
1363,2,1.0,33.0,7695,2644.0,-2616.56,5154.610000000001,0
1364,2,1.0,34.0,7716,2654.0,-2626.46,5168.68,0
1365,2,1.0,33.0,7757,2674.0,-2646.2599999999998,5196.150000000001,0
1366,2,1.0,35.0,7775,2684.0,-2656.16,5208.21,0
1367,2,1.0,30.0,7826,2719.0,-2690.81,5242.38,0
1368,2,1.0,34.0,7860,2736.0,-2707.64,5265.160000000001,0
1369,2,1.0,32.0,7899,2756.0,-2727.44,5291.29,0
1370,2,1.0,33.0,7918,2766.0,-2737.34,5304.02,0
1371,2,1.0,29.0,8057,2796.0,-2767.04,5397.150000000001,0
1372,2,1.0,29.0,8110,2809.0,-2779.91,5432.660000000001,0
1373,2,1.0,32.0,8278,2839.0,-2809.61,5545.22,0
1374,2,1.0,33.0,8301,2850.0,-2820.5,5560.63,0
1375,2,1.0,33.0,8341,2873.0,-2843.27,5587.43,0
1376,2,1.0,31.0,8367,2891.0,-2861.09,5604.85,0
1377,2,1.0,33.0,8408,2925.0,-2894.75,5632.320000000001,0
1378,2,1.0,33.0,8432,2936.0,-2905.64,5648.400000000001,0
1379,2,1.0,30.0,8474,2959.0,-2928.41,5676.54,0
1380,2,1.0,33.0,8493,2969.0,-2938.31,5689.27,0
1381,2,1.0,32.0,8531,2988.0,-2957.12,5714.7300000000005,0
1382,2,1.0,32.0,8584,3023.0,-2991.77,5750.240000000001,0
1383,2,1.0,30.0,8606,3036.0,-3004.64,5764.9800000000005,0
1384,2,1.0,33.0,8673,3079.0,-3047.21,5809.870000000001,0
1385,2,1.0,32.0,8692,3091.0,-3059.09,5822.6,0
1386,2,1.0,32.0,8772,3116.0,-3083.84,5876.200000000001,0
1387,2,1.0,32.0,8852,3130.0,-3097.7,5929.8,0
1388,2,1.0,33.0,9008,3157.0,-3124.43,6034.320000000001,0
1389,2,1.0,32.0,9082,3169.0,-3136.31,6083.900000000001,0
1390,2,1.0,29.0,9122,3197.0,-3164.0299999999997,6110.700000000001,0
1391,2,1.0,29.0,9142,3212.0,-3178.88,6124.1,0
1392,2,1.0,33.0,9181,3238.0,-3204.62,6150.2300000000005,0
1393,2,1.0,32.0,9201,3248.0,-3214.52,6163.63,0
1394,2,1.0,32.0,9236,3267.0,-3233.33,6187.080000000001,0
1395,2,1.0,28.0,9255,3277.0,-3243.23,6199.81,0
1396,2,1.0,32.0,9273,3287.0,-3253.13,6211.870000000001,0
1397,2,1.0,32.0,9336,3327.0,-3292.73,6254.080000000001,0
1398,2,1.0,27.0,9352,3340.0,-3305.6,6264.8,0
1399,2,1.0,27.0,9386,3363.0,-3328.37,6287.580000000001,0
1400,2,1.0,32.0,9404,3374.0,-3339.2599999999998,6299.64,0
1401,2,1.0,32.0,9541,3403.0,-3367.97,6391.43,0
1402,2,1.0,29.0,9665,3433.0,-3397.67,6474.51,0
1403,2,1.0,28.0,9682,3443.0,-3407.57,6485.900000000001,0
1404,2,1.0,32.0,9719,3465.0,-3429.35,6510.6900000000005,0
1405,2,1.0,31.0,9739,3480.0,-3444.2,6524.09,0
1406,2,1.0,29.0,9777,3501.0,-3464.99,6549.55,0
1407,2,1.0,28.0,9793,3510.0,-3473.9,6560.27,0
1408,2,1.0,32.0,9828,3529.0,-3492.71,6583.72,0
1409,2,1.0,31.0,9845,3539.0,-3502.61,6595.110000000001,0
1410,2,1.0,27.0,9905,3574.0,-3537.2599999999998,6635.31,0
1411,2,1.0,31.0,9919,3585.0,-3548.15,6644.6900000000005,0
1412,2,1.0,32.0,9952,3607.0,-3569.93,6666.8,0
1413,2,1.0,31.0,9969,3617.0,-3579.83,6678.1900000000005,0
1414,2,1.0,31.0,10072,3653.0,-3615.47,6747.200000000001,0
1415,2,1.0,28.0,10089,3662.0,-3624.38,6758.59,0
1416,2,1.0,32.0,10127,3689.0,-3651.11,6784.05,0
1417,2,1.0,32.0,10143,3699.0,-3661.0099999999998,6794.77,0
1418,2,1.0,32.0,10178,3722.0,-3683.7799999999997,6818.22,0
1419,2,1.0,32.0,10193,3731.0,-3692.69,6828.27,0
1420,2,1.0,32.0,10231,3750.0,-3711.5,6853.7300000000005,0
1421,2,1.0,31.0,10250,3759.0,-3720.41,6866.46,0
1422,2,1.0,32.0,10287,3779.0,-3740.21,6891.25,0
1423,2,1.0,31.0,10304,3788.0,-3749.12,6902.64,0
1424,2,1.0,31.0,10371,3830.0,-3790.7,6947.530000000001,0
1425,2,1.0,29.0,10391,3841.0,-3801.59,6960.93,0
1426,2,1.0,31.0,10502,3866.0,-3826.34,7035.3,0
1427,2,1.0,28.0,10576,3881.0,-3841.19,7084.88,0
1428,2,1.0,31.0,10730,3905.0,-3864.95,7188.06,0
1429,2,1.0,31.0,10759,3916.0,-3875.84,7207.490000000001,0
1430,2,1.0,32.0,10803,3945.0,-3904.55,7236.97,0
1431,2,1.0,32.0,10820,3957.0,-3916.43,7248.360000000001,0
1432,2,1.0,32.0,10855,3977.0,-3936.23,7271.81,0
1433,2,1.0,32.0,10872,3987.0,-3946.13,7283.200000000001,0
1434,2,1.0,33.0,10910,4010.0,-3968.9,7308.660000000001,0
1435,2,1.0,34.0,10927,4021.0,-3979.79,7320.05,0
1436,2,1.0,32.0,10963,4044.0,-4002.56,7344.17,0
1437,2,1.0,32.0,10978,4054.0,-4012.46,7354.22,0
1438,2,1.0,32.0,11041,4089.0,-4047.11,7396.43,0
1439,2,1.0,31.0,11060,4100.0,-4058.0,7409.160000000001,0
1440,2,1.0,31.0,11099,4123.0,-4080.77,7435.290000000001,0
1441,2,1.0,31.0,11118,4135.0,-4092.65,7448.02,0
1442,2,1.0,32.0,11160,4156.0,-4113.44,7476.160000000001,0
1443,2,1.0,32.0,11213,4170.0,-4127.3,7511.67,0
1444,2,1.0,32.0,11367,4200.0,-4157.0,7614.85,0
1445,2,1.0,31.0,11445,4213.0,-4169.87,7667.110000000001,0
1446,2,1.0,29.0,11504,4240.0,-4196.6,7706.64,0
1447,2,1.0,32.0,11520,4254.0,-4210.46,7717.360000000001,0
1448,2,1.0,31.0,11554,4279.0,-4235.21,7740.14,0
1449,2,1.0,32.0,11572,4291.0,-4247.09,7752.200000000001,0
1450,2,1.0,29.0,11609,4317.0,-4272.83,7776.990000000001,0
1451,2,1.0,28.0,11628,4329.0,-4284.71,7789.72,0
1452,2,1.0,32.0,11674,4356.0,-4311.44,7820.540000000001,0
1453,2,1.0,31.0,11689,4366.0,-4321.34,7830.59,0
1454,2,1.0,31.0,11724,4386.0,-4341.14,7854.040000000001,0
1455,2,1.0,31.0,11741,4397.0,-4352.03,7865.43,0
1456,2,1.0,28.0,11773,4418.0,-4372.82,7886.870000000001,0
1457,2,1.0,31.0,11791,4430.0,-4384.7,7898.93,0
1458,2,1.0,31.0,11820,4450.0,-4404.5,7918.360000000001,0
1459,2,1.0,28.0,11837,4459.0,-4413.41,7929.750000000001,0
1460,2,1.0,31.0,11910,4497.0,-4451.03,7978.660000000001,0
1461,2,1.0,29.0,11931,4509.0,-4462.91,7992.7300000000005,0
1462,2,1.0,28.0,11969,4533.0,-4486.67,8018.1900000000005,0
1463,2,1.0,31.0,11986,4546.0,-4499.54,8029.580000000001,0
1464,2,1.0,31.0,12019,4572.0,-4525.28,8051.6900000000005,0
1465,2,1.0,31.0,12036,4582.0,-4535.18,8063.080000000001,0
1466,2,1.0,31.0,12086,4610.0,-4562.9,8096.580000000001,0
1467,2,1.0,27.0,12105,4620.0,-4572.8,8109.31,0
1468,2,1.0,31.0,12137,4639.0,-4591.61,8130.750000000001,0
1469,2,1.0,31.0,12155,4652.0,-4604.48,8142.81,0
1470,2,1.0,31.0,12188,4675.0,-4627.25,8164.92,0
1471,2,1.0,31.0,12207,4688.0,-4640.12,8177.650000000001,0
1472,2,1.0,28.0,12240,4708.0,-4659.92,8199.76,0
1473,2,1.0,31.0,12317,4749.0,-4700.51,8251.35,0
1474,2,1.0,31.0,12393,4764.0,-4715.36,8302.27,0
1475,2,1.0,29.0,12546,4795.0,-4746.05,8404.779999999999,0
1476,2,1.0,31.0,12626,4810.0,-4760.9,8458.38,0
1477,2,1.0,31.0,12691,4834.0,-4784.66,8501.93,0
1478,2,1.0,31.0,12710,4844.0,-4794.56,8514.66,0
1479,2,1.0,30.0,12747,4864.0,-4814.36,8539.449999999999,0
1480,2,1.0,31.0,12767,4876.0,-4826.24,8552.85,0
1481,2,1.0,31.0,12805,4897.0,-4847.03,8578.31,0
1482,2,1.0,31.0,12826,4909.0,-4858.91,8592.38,0
1483,2,1.0,32.0,12864,4933.0,-4882.67,8617.84,0
1484,2,1.0,31.0,12884,4944.0,-4893.56,8631.24,0
1485,2,1.0,30.0,12919,4964.0,-4913.36,8654.69,0
1486,2,1.0,30.0,12980,4999.0,-4948.01,8695.56,0
1487,2,1.0,31.0,12997,5012.0,-4960.88,8706.949999999999,0
1488,2,1.0,32.0,13032,5038.0,-4986.62,8730.4,0
1489,2,1.0,31.0,13050,5050.0,-4998.5,8742.46,0
1490,2,1.0,29.0,13090,5078.0,-5026.22,8769.26,0
1491,2,1.0,31.0,13109,5089.0,-5037.11,8781.99,0
1492,2,1.0,30.0,13170,5111.0,-5058.89,8822.859999999999,0
1493,3,1.0,33.0,13248,5133.0,-5080.17,8875.119999999999,0
1494,3,1.0,33.0,13313,5184.0,-5130.66,8918.67,0
1495,3,1.0,31.0,13330,5207.0,-5153.43,8930.06,0
1496,4,1.0,33.0,13369,5269.0,-5214.31,8956.19,0
1497,4,1.0,32.0,13386,5290.0,-5235.1,8967.58,0
1498,4,1.0,32.0,13404,5312.0,-5256.88,8979.64,0
1499,5,2.0,33.0,13442,5359.0,-5302.91,9004.060000000001,0
1500,5,2.0,33.0,13460,5381.0,-5324.69,9016.12,0
1501,26,18.0,30.0,14190,5883.0,-5811.17,9488.580000000002,0
1502,26,18.0,31.0,14237,5890.0,-5818.1,9520.070000000002,0
1503,26,18.0,32.0,14255,5897.0,-5825.03,9532.130000000001,0
1504,26,18.0,31.0,14270,5903.0,-5830.97,9542.180000000002,0
1505,26,18.0,31.0,14288,5911.0,-5838.89,9554.240000000002,0
1506,26,18.0,31.0,14307,5917.0,-5844.83,9566.970000000001,0
1507,26,18.0,31.0,14323,5924.0,-5851.76,9577.69,0
1508,26,18.0,31.0,14342,5932.0,-5859.68,9590.420000000002,0
1509,26,18.0,31.0,14365,5945.0,-5872.55,9605.830000000002,0
1510,26,18.0,31.0,14477,5957.0,-5884.43,9680.87,0
1511,26,18.0,31.0,14547,5967.0,-5894.33,9727.77,0
1512,26,18.0,31.0,14565,5975.0,-5902.25,9739.830000000002,0
1513,26,18.0,28.0,14585,5982.0,-5909.18,9753.230000000001,0
1514,26,18.0,31.0,14604,5990.0,-5917.1,9765.960000000001,0
1515,26,18.0,31.0,14623,5997.0,-5924.03,9778.69,0
1516,26,18.0,31.0,14660,6020.0,-5946.8,9803.480000000001,0
1517,26,18.0,31.0,14704,6038.0,-5964.62,9832.960000000001,0
1518,26,18.0,31.0,14831,6052.0,-5978.48,9918.050000000001,0
1519,26,18.0,31.0,14873,6063.0,-5989.37,9946.19,0
1520,26,18.0,31.0,14893,6073.0,-5999.2699999999995,9959.590000000002,0
1521,26,18.0,31.0,14913,6085.0,-6011.15,9972.990000000002,0
1522,26,18.0,31.0,14928,6093.0,-6019.07,9983.04,0
1523,26,18.0,31.0,14948,6105.0,-6030.95,9996.44,0
1524,26,18.0,31.0,15061,6117.0,-6042.83,10072.150000000001,0
1525,26,18.0,31.0,15131,6127.0,-6052.73,10119.050000000001,0
1526,26,18.0,31.0,15145,6136.0,-6061.64,10128.430000000002,0
1527,26,18.0,31.0,15158,6145.0,-6070.55,10137.140000000001,0
1528,26,18.0,31.0,15173,6156.0,-6081.44,10147.19,0
1529,26,18.0,31.0,15193,6166.0,-6091.34,10160.590000000002,0
1530,26,18.0,31.0,15218,6178.0,-6103.22,10177.340000000002,0
1531,26,18.0,31.0,15266,6189.0,-6114.11,10209.500000000002,0
1532,26,18.0,31.0,15284,6199.0,-6124.01,10221.560000000001,0
1533,26,18.0,31.0,15305,6209.0,-6133.91,10235.630000000001,0
1534,26,18.0,28.0,15325,6219.0,-6143.8099999999995,10249.03,0
1535,26,18.0,31.0,15440,6234.0,-6158.66,10326.080000000002,0
1536,26,18.0,31.0,15488,6244.0,-6168.5599999999995,10358.240000000002,0
1537,26,18.0,31.0,15502,6253.0,-6177.47,10367.62,0
1538,26,18.0,26.0,15516,6262.0,-6186.38,10377.000000000002,0
1539,26,18.0,31.0,15530,6276.0,-6200.24,10386.380000000001,0
1540,26,18.0,31.0,15542,6283.0,-6207.17,10394.420000000002,0
1541,26,18.0,31.0,15576,6291.0,-6215.09,10417.2,0
1542,26,18.0,31.0,15699,6303.0,-6226.97,10499.61,0
1543,26,18.0,31.0,15743,6312.0,-6235.88,10529.090000000002,0
1544,26,18.0,31.0,15756,6321.0,-6244.79,10537.800000000001,0
1545,26,18.0,31.0,15773,6330.0,-6253.7,10549.19,0
1546,26,18.0,31.0,15786,6339.0,-6262.61,10557.900000000001,0
1547,26,18.0,31.0,15800,6348.0,-6271.5199999999995,10567.28,0
1548,26,18.0,31.0,15812,6356.0,-6279.44,10575.320000000002,0
1549,26,18.0,31.0,15917,6367.0,-6290.33,10645.670000000002,0
1550,26,18.0,27.0,16003,6378.0,-6301.22,10703.29,0
1551,26,18.0,31.0,16020,6387.0,-6310.13,10714.680000000002,0
1552,26,18.0,31.0,16035,6395.0,-6318.05,10724.730000000001,0
1553,26,18.0,31.0,16056,6403.0,-6325.97,10738.800000000001,0
1554,26,18.0,31.0,16072,6412.0,-6334.88,10749.52,0
1555,26,18.0,31.0,16093,6421.0,-6343.79,10763.590000000002,0
1556,26,18.0,31.0,16220,6434.0,-6356.66,10848.680000000002,0
1557,26,18.0,31.0,16282,6442.0,-6364.58,10890.220000000001,0
1558,26,18.0,26.0,16300,6450.0,-6372.5,10902.28,0
1559,26,18.0,31.0,16316,6457.0,-6379.43,10913.000000000002,0
1560,26,18.0,31.0,16335,6465.0,-6387.35,10925.730000000001,0
1561,26,18.0,31.0,16353,6473.0,-6395.2699999999995,10937.79,0
1562,26,18.0,31.0,16369,6481.0,-6403.19,10948.510000000002,0
1563,26,18.0,31.0,16498,6495.0,-6417.05,11034.94,0
1564,26,18.0,31.0,16577,6509.0,-6430.91,11087.87,0
1565,26,18.0,31.0,16597,6517.0,-6438.83,11101.27,0
1566,26,18.0,31.0,16614,6525.0,-6446.75,11112.660000000002,0
1567,26,18.0,31.0,16630,6534.0,-6455.66,11123.380000000001,0
1568,26,18.0,31.0,16649,6543.0,-6464.57,11136.11,0
1569,26,18.0,31.0,16777,6557.0,-6478.43,11221.87,0
1570,26,18.0,36.0,16840,6567.0,-6488.33,11264.080000000002,0
1571,26,18.0,31.0,16856,6577.0,-6498.23,11274.800000000001,0
1572,26,18.0,31.0,16876,6588.0,-6509.12,11288.2,0
1573,26,18.0,31.0,16893,6595.0,-6516.05,11299.590000000002,0
1574,26,18.0,35.0,16911,6603.0,-6523.97,11311.650000000001,0
1575,26,18.0,30.0,16929,6611.0,-6531.89,11323.710000000001,0
1576,26,18.0,31.0,16985,6622.0,-6542.78,11361.230000000001,0
1577,26,18.0,31.0,17112,6634.0,-6554.66,11446.320000000002,0
1578,26,18.0,31.0,17149,6644.0,-6564.5599999999995,11471.11,0
1579,26,18.0,31.0,17167,6653.0,-6573.47,11483.170000000002,0
1580,26,18.0,31.0,17182,6662.0,-6582.38,11493.220000000001,0
1581,26,18.0,30.0,17198,6669.0,-6589.3099999999995,11503.94,0
1582,26,18.0,31.0,17214,6677.0,-6597.23,11514.660000000002,0
1583,26,18.0,31.0,17232,6684.0,-6604.16,11526.720000000001,0
1584,26,18.0,31.0,17331,6695.0,-6615.05,11593.050000000001,0
1585,26,18.0,31.0,17433,6706.0,-6625.94,11661.390000000001,0
1586,26,18.0,31.0,17452,6715.0,-6634.85,11674.12,0
1587,27,18.0,31.0,17471,6726.0,-6645.24,11686.850000000002,0
1588,27,18.0,31.0,17487,6736.0,-6655.14,11697.570000000002,0
1589,27,18.0,31.0,17502,6744.0,-6663.0599999999995,11707.62,0
1590,27,18.0,31.0,17518,6752.0,-6670.98,11718.340000000002,0
1591,27,18.0,31.0,17568,6763.0,-6681.87,11751.840000000002,0
1592,27,18.0,31.0,17695,6775.0,-6693.75,11836.930000000002,0
1593,27,18.0,31.0,17736,6784.0,-6702.66,11864.400000000001,0
1594,27,18.0,31.0,17755,6793.0,-6711.57,11877.130000000001,0
1595,27,18.0,27.0,17775,6804.0,-6722.46,11890.53,0
1596,27,18.0,31.0,17794,6814.0,-6732.36,11903.260000000002,0
1597,27,18.0,31.0,17814,6823.0,-6741.2699999999995,11916.660000000002,0
1598,27,18.0,31.0,17834,6831.0,-6749.19,11930.060000000001,0
1599,27,18.0,31.0,17965,6844.0,-6762.0599999999995,12017.830000000002,0
1600,27,18.0,31.0,18044,6854.0,-6771.96,12070.760000000002,0
1601,27,18.0,31.0,18062,6863.0,-6780.87,12082.820000000002,0
1602,27,18.0,31.0,18078,6872.0,-6789.78,12093.54,0
1603,27,18.0,31.0,18097,6880.0,-6797.7,12106.270000000002,0
1604,27,18.0,31.0,18115,6889.0,-6806.61,12118.330000000002,0
1605,27,18.0,31.0,18132,6896.0,-6813.54,12129.720000000001,0
1606,27,18.0,31.0,18211,6906.0,-6823.44,12182.650000000001,0
1607,27,18.0,31.0,18259,6922.0,-6839.28,12214.810000000001,0
1608,27,18.0,31.0,18276,6929.0,-6846.21,12226.2,0
1609,27,18.0,31.0,18294,6938.0,-6855.12,12238.260000000002,0
1610,27,18.0,31.0,18312,6946.0,-6863.04,12250.320000000002,0
1611,27,18.0,31.0,18333,6953.0,-6869.97,12264.390000000001,0
1612,27,18.0,31.0,18349,6960.0,-6876.9,12275.11,0
1613,27,18.0,31.0,18455,6971.0,-6887.79,12346.130000000001,0
1614,27,18.0,31.0,18473,6979.0,-6895.71,12358.19,0
1615,27,18.0,31.0,18487,6987.0,-6903.63,12367.570000000002,0
1616,27,18.0,31.0,18506,6995.0,-6911.55,12380.300000000001,0
1617,27,18.0,31.0,18522,7004.0,-6920.46,12391.020000000002,0
1618,27,18.0,31.0,18539,7011.0,-6927.39,12402.410000000002,0
1619,27,18.0,31.0,18595,7021.0,-6937.29,12439.930000000002,0
1620,27,18.0,26.0,18706,7032.0,-6948.18,12514.300000000001,0
1621,27,18.0,31.0,18713,7035.0,-6951.15,12518.990000000002,0
1622,27,18.0,31.0,18730,7044.0,-6960.0599999999995,12530.380000000001,0
1623,27,18.0,31.0,18751,7053.0,-6968.97,12544.45,0
1624,27,18.0,26.0,18768,7061.0,-6976.89,12555.840000000002,0
1625,27,18.0,31.0,18786,7068.0,-6983.82,12567.900000000001,0
1626,27,18.0,31.0,18803,7076.0,-6991.74,12579.29,0
1627,27,18.0,31.0,18877,7091.0,-7006.59,12628.87,0
1628,27,18.0,31.0,18894,7100.0,-7015.5,12640.260000000002,0
1629,27,18.0,31.0,18915,7111.0,-7026.39,12654.330000000002,0
1630,27,18.0,27.0,18930,7119.0,-7034.3099999999995,12664.380000000001,0
1631,27,18.0,31.0,18967,7126.0,-7041.24,12689.170000000002,0
1632,27,18.0,31.0,19104,7138.0,-7053.12,12780.960000000001,0
1633,27,18.0,31.0,19160,7146.0,-7061.04,12818.480000000001,0
1634,27,18.0,31.0,19167,7150.0,-7065.0,12823.170000000002,0
1635,27,18.0,31.0,19189,7160.0,-7074.9,12837.910000000002,0
1636,27,18.0,31.0,19205,7168.0,-7082.82,12848.630000000001,0
1637,27,18.0,31.0,19228,7182.0,-7096.68,12864.04,0
1638,27,18.0,31.0,19246,7189.0,-7103.61,12876.100000000002,0
1639,27,18.0,31.0,19263,7197.0,-7111.53,12887.490000000002,0
1640,27,18.0,31.0,19301,7206.0,-7120.44,12912.95,0
1641,27,18.0,31.0,19432,7219.0,-7133.3099999999995,13000.720000000001,0
1642,27,18.0,31.0,19500,7230.0,-7144.2,13046.28,0
1643,27,18.0,31.0,19515,7237.0,-7151.13,13056.330000000002,0
1644,27,18.0,31.0,19534,7243.0,-7157.07,13069.060000000001,0
1645,27,18.0,31.0,19553,7251.0,-7164.99,13081.79,0
1646,27,18.0,31.0,19569,7258.0,-7171.92,13092.510000000002,0
1647,27,18.0,31.0,19585,7266.0,-7179.84,13103.230000000001,0
1648,27,18.0,31.0,19602,7276.0,-7189.74,13114.62,0
1649,27,18.0,31.0,19642,7296.0,-7209.54,13141.420000000002,0
1650,27,18.0,31.0,19722,7313.0,-7226.37,13195.020000000002,0
1651,27,18.0,31.0,19845,7323.0,-7236.2699999999995,13277.430000000002,0
1652,27,18.0,31.0,19885,7331.0,-7244.19,13304.230000000001,0
1653,27,18.0,31.0,19903,7339.0,-7252.11,13316.29,0
1654,27,18.0,31.0,19922,7348.0,-7261.0199999999995,13329.020000000002,0
1655,27,18.0,31.0,19930,7352.0,-7264.98,13334.380000000001,0
1656,27,18.0,31.0,19952,7361.0,-7273.89,13349.12,0
1657,27,18.0,31.0,19970,7369.0,-7281.8099999999995,13361.180000000002,0
1658,27,18.0,31.0,20016,7385.0,-7297.65,13392.000000000002,0
1659,27,18.0,28.0,20151,7397.0,-7309.53,13482.45,0
1660,27,18.0,31.0,20232,7407.0,-7319.43,13536.720000000001,0
1661,27,18.0,31.0,20253,7414.0,-7326.36,13550.79,0
1662,27,18.0,31.0,20263,7418.0,-7330.32,13557.490000000002,0
1663,27,18.0,31.0,20284,7427.0,-7339.23,13571.560000000001,0
1664,27,18.0,31.0,20302,7435.0,-7347.15,13583.62,0
1665,27,18.0,31.0,20319,7442.0,-7354.08,13595.010000000002,0
1666,27,18.0,31.0,20334,7451.0,-7362.99,13605.060000000001,0
1667,27,18.0,31.0,20385,7461.0,-7372.89,13639.230000000001,0
1668,27,18.0,31.0,20518,7471.0,-7382.79,13728.340000000002,0
1669,27,18.0,27.0,20589,7483.0,-7394.67,13775.910000000002,0
1670,27,18.0,27.0,20608,7491.0,-7402.59,13788.640000000001,0
1671,27,18.0,27.0,20626,7499.0,-7410.51,13800.7,0
1672,27,18.0,27.0,20645,7508.0,-7419.42,13813.430000000002,0
1673,27,18.0,31.0,20665,7515.0,-7426.35,13826.830000000002,0
1674,27,18.0,31.0,20686,7522.0,-7433.28,13840.900000000001,0
1675,27,18.0,31.0,20706,7530.0,-7441.2,13854.300000000001,0
1676,27,18.0,31.0,20737,7535.0,-7446.15,13875.070000000002,0
1677,27,18.0,31.0,20901,7551.0,-7461.99,13984.95,0
1678,27,18.0,32.0,20916,7559.0,-7469.91,13995.000000000002,0
1679,27,18.0,32.0,20935,7566.0,-7476.84,14007.730000000001,0
1680,27,18.0,32.0,20950,7572.0,-7482.78,14017.78,0
1681,27,18.0,32.0,20967,7579.0,-7489.71,14029.170000000002,0
1682,27,18.0,27.0,20983,7587.0,-7497.63,14039.890000000001,0
1683,27,18.0,32.0,20998,7596.0,-7506.54,14049.940000000002,0
1684,27,18.0,32.0,21005,7600.0,-7510.5,14054.630000000001,0
1685,27,18.0,32.0,21032,7614.0,-7524.36,14072.720000000001,0
1686,27,18.0,32.0,21079,7628.0,-7538.22,14104.210000000001,0
1687,27,18.0,32.0,21100,7636.0,-7546.14,14118.28,0
1688,27,18.0,32.0,21115,7644.0,-7554.0599999999995,14128.330000000002,0
1689,27,18.0,32.0,21131,7653.0,-7562.97,14139.050000000001,0
1690,27,18.0,32.0,21149,7662.0,-7571.88,14151.110000000002,0
1691,27,18.0,32.0,21165,7671.0,-7580.79,14161.830000000002,0
1692,27,18.0,32.0,21248,7686.0,-7595.64,14217.440000000002,0
1693,27,18.0,32.0,21375,7694.0,-7603.5599999999995,14302.53,0
1694,27,18.0,32.0,21410,7701.0,-7610.49,14325.980000000001,0
1695,27,18.0,32.0,21424,7708.0,-7617.42,14335.360000000002,0
1696,27,18.0,32.0,21439,7715.0,-7624.35,14345.410000000002,0
1697,27,18.0,32.0,21467,7732.0,-7641.18,14364.170000000002,0
1698,27,18.0,32.0,21474,7735.0,-7644.15,14368.860000000002,0
1699,27,18.0,32.0,21495,7744.0,-7653.0599999999995,14382.930000000002,0
1700,27,18.0,32.0,21545,7753.0,-7661.97,14416.430000000002,0
1701,27,18.0,32.0,21727,7768.0,-7676.82,14538.37,0
1702,27,18.0,32.0,21741,7776.0,-7684.74,14547.750000000002,0
1703,27,18.0,32.0,21755,7783.0,-7691.67,14557.130000000001,0
1704,27,18.0,27.0,21771,7789.0,-7697.61,14567.850000000002,0
1705,27,18.0,32.0,21792,7800.0,-7708.5,14581.920000000002,0
1706,27,18.0,32.0,21815,7821.0,-7729.29,14597.330000000002,0
1707,27,18.0,32.0,21832,7836.0,-7744.14,14608.720000000001,0
1708,27,18.0,32.0,21865,7844.0,-7752.0599999999995,14630.830000000002,0
1709,27,18.0,32.0,21995,7855.0,-7762.95,14717.930000000002,0
1710,27,18.0,32.0,22074,7862.0,-7769.88,14770.860000000002,0
1711,27,18.0,32.0,22092,7869.0,-7776.8099999999995,14782.920000000002,0
1712,27,18.0,28.0,22109,7877.0,-7784.73,14794.310000000001,0
1713,27,18.0,32.0,22123,7885.0,-7792.65,14803.690000000002,0
1714,27,18.0,32.0,22138,7892.0,-7799.58,14813.740000000002,0
1715,27,18.0,32.0,22153,7898.0,-7805.5199999999995,14823.79,0
1716,27,18.0,32.0,22167,7904.0,-7811.46,14833.170000000002,0
1717,27,18.0,32.0,22262,7914.0,-7821.36,14896.820000000002,0
1718,27,18.0,28.0,22393,7924.0,-7831.26,14984.590000000002,0
1719,27,18.0,32.0,22409,7933.0,-7840.17,14995.310000000001,0
1720,27,18.0,32.0,22425,7941.0,-7848.09,15006.03,0
1721,27,18.0,32.0,22441,7947.0,-7854.03,15016.750000000002,0
1722,27,18.0,32.0,22458,7954.0,-7860.96,15028.140000000001,0
1723,27,18.0,32.0,22472,7961.0,-7867.89,15037.520000000002,0
1724,27,18.0,32.0,22489,7969.0,-7875.8099999999995,15048.910000000002,0
1725,27,18.0,32.0,22503,7975.0,-7881.75,15058.29,0
1726,27,18.0,32.0,22601,7984.0,-7890.66,15123.95,0
1727,27,18.0,32.0,22730,7994.0,-7900.5599999999995,15210.380000000001,0
1728,27,18.0,32.0,22739,7998.0,-7904.5199999999995,15216.410000000002,0
1729,27,18.0,32.0,23001,8024.0,-7930.26,15391.95,0
1730,28,18.0,32.0,23020,8033.0,-7938.67,15404.680000000002,0
1731,28,18.0,32.0,23046,8043.0,-7948.57,15422.100000000002,0
1732,28,18.0,32.0,23072,8053.0,-7958.47,15439.520000000002,0
1733,28,18.0,32.0,23096,8061.0,-7966.39,15455.600000000002,0
1734,28,18.0,32.0,23119,8068.0,-7973.32,15471.010000000002,0
1735,28,18.0,32.0,23146,8076.0,-7981.24,15489.100000000002,0
1736,28,18.0,28.0,23179,8088.0,-7993.12,15511.210000000001,0
1737,28,18.0,32.0,23202,8094.0,-7999.0599999999995,15526.62,0
1738,28,18.0,32.0,23228,8099.0,-8004.01,15544.04,0
1739,28,18.0,32.0,23270,8107.0,-8011.93,15572.180000000002,0
1740,28,18.0,32.0,23298,8116.0,-8020.84,15590.940000000002,0
1741,28,18.0,31.0,23317,8123.0,-8027.7699999999995,15603.670000000002,0
1742,28,18.0,32.0,23336,8129.0,-8033.71,15616.400000000001,0
1743,28,18.0,32.0,23352,8135.0,-8039.65,15627.12,0
1744,28,18.0,31.0,23371,8144.0,-8048.5599999999995,15639.850000000002,0
1745,28,18.0,32.0,23454,8155.0,-8059.45,15695.460000000001,0
1746,28,18.0,32.0,23563,8164.0,-8068.36,15768.490000000002,0
1747,28,18.0,32.0,23582,8171.0,-8075.29,15781.220000000001,0
1748,28,18.0,32.0,23609,8180.0,-8084.2,15799.310000000001,0
1749,28,18.0,32.0,23636,8196.0,-8100.04,15817.400000000001,0
1750,28,18.0,32.0,23658,8204.0,-8107.96,15832.140000000001,0
1751,28,18.0,32.0,23682,8213.0,-8116.87,15848.220000000001,0
1752,28,18.0,32.0,23706,8222.0,-8125.78,15864.300000000001,0
1753,28,18.0,29.0,23735,8231.0,-8134.69,15883.730000000001,0
1754,28,18.0,32.0,23768,8241.0,-8144.59,15905.840000000002,0
1755,28,18.0,28.0,23794,8249.0,-8152.51,15923.260000000002,0
1756,28,18.0,32.0,23819,8257.0,-8160.43,15940.010000000002,0
1757,28,18.0,31.0,23866,8266.0,-8169.34,15971.500000000002,0
1758,28,18.0,32.0,24038,8280.0,-8183.200000000001,16086.740000000002,0
1759,28,18.0,32.0,24060,8286.0,-8189.139999999999,16101.480000000001,0
1760,28,18.0,32.0,24068,8290.0,-8193.1,16106.840000000002,0
1761,28,18.0,32.0,24090,8298.0,-8201.02,16121.580000000002,0
1762,28,18.0,32.0,24113,8307.0,-8209.93,16136.990000000002,0
1763,28,18.0,32.0,24132,8313.0,-8215.87,16149.720000000001,0
1764,28,18.0,31.0,24152,8321.0,-8223.789999999999,16163.12,0
1765,28,18.0,27.0,24172,8328.0,-8230.72,16176.520000000002,0
1766,28,18.0,31.0,24220,8341.0,-8243.59,16208.680000000002,0
1767,28,18.0,32.0,24255,8355.0,-8257.45,16232.130000000001,0
1768,28,18.0,32.0,24277,8363.0,-8265.37,16246.87,0
1769,28,18.0,32.0,24324,8372.0,-8274.28,16278.360000000002,0
1770,28,18.0,32.0,24462,8383.0,-8285.17,16370.820000000002,0
1771,28,18.0,32.0,24539,8392.0,-8294.08,16422.41,0
1772,28,18.0,32.0,24563,8399.0,-8301.01,16438.49,0
1773,28,18.0,32.0,24587,8406.0,-8307.94,16454.57,0
1774,28,18.0,32.0,24610,8413.0,-8314.87,16469.98,0
1775,28,18.0,32.0,24634,8421.0,-8322.789999999999,16486.06,0
1776,28,18.0,32.0,24660,8436.0,-8337.64,16503.48,0
1777,28,18.0,32.0,24684,8444.0,-8345.56,16519.56,0
1778,28,18.0,32.0,24706,8451.0,-8352.49,16534.3,0
1779,28,18.0,32.0,24820,8462.0,-8363.38,16610.68,0
1780,28,18.0,32.0,24952,8472.0,-8373.28,16699.12,0
1781,28,18.0,32.0,24961,8475.0,-8376.25,16705.15,0
1782,28,18.0,32.0,24978,8482.0,-8383.18,16716.54,0
1783,28,18.0,27.0,24993,8490.0,-8391.1,16726.59,0
1784,28,18.0,32.0,25012,8498.0,-8399.02,16739.32,0
1785,28,18.0,32.0,25031,8504.0,-8404.96,16752.05,0
1786,28,18.0,32.0,25052,8511.0,-8411.89,16766.12,0
1787,28,18.0,32.0,25120,8523.0,-8423.77,16811.68,0
1788,28,18.0,32.0,25190,8528.0,-8428.72,16858.579999999998,0
1789,28,18.0,31.0,25261,8537.0,-8437.63,16906.15,0
1790,28,18.0,31.0,25280,8545.0,-8445.55,16918.88,0
1791,28,18.0,31.0,25299,8554.0,-8454.46,16931.61,0
1792,28,18.0,31.0,25319,8561.0,-8461.39,16945.01,0
1793,28,18.0,31.0,25335,8568.0,-8468.32,16955.73,0
1794,28,18.0,31.0,25357,8575.0,-8475.25,16970.47,0
1795,28,18.0,31.0,25437,8591.0,-8491.09,17024.07,0
1796,28,18.0,31.0,25458,8599.0,-8499.01,17038.14,0
1797,28,18.0,31.0,25476,8607.0,-8506.93,17050.2,0
1798,28,18.0,31.0,25493,8614.0,-8513.86,17061.59,0
1799,28,18.0,31.0,25508,8620.0,-8519.8,17071.64,0
1800,28,18.0,27.0,25617,8630.0,-8529.7,17144.67,0
1801,28,18.0,31.0,25746,8640.0,-8539.6,17231.1,0
1802,28,18.0,30.0,25767,8647.0,-8546.53,17245.17,0
1803,28,18.0,30.0,25796,8664.0,-8563.36,17264.6,0
1804,28,18.0,30.0,25814,8677.0,-8576.23,17276.66,0
1805,28,18.0,30.0,25833,8685.0,-8584.15,17289.39,0
1806,28,18.0,30.0,25853,8692.0,-8591.08,17302.79,0
1807,28,18.0,30.0,25874,8698.0,-8597.02,17316.86,0
1808,28,18.0,30.0,25893,8704.0,-8602.96,17329.59,0
1809,28,18.0,30.0,25977,8714.0,-8612.86,17385.87,0
1810,28,18.0,30.0,26001,8722.0,-8620.78,17401.95,0
1811,28,18.0,26.0,26023,8730.0,-8628.7,17416.69,0
1812,28,18.0,30.0,26045,8739.0,-8637.61,17431.43,0
1813,28,18.0,30.0,26085,8748.0,-8646.52,17458.23,0
1814,28,18.0,30.0,26227,8757.0,-8655.43,17553.37,0
1815,28,18.0,30.0,26252,8764.0,-8662.36,17570.12,0
1816,28,18.0,30.0,26269,8771.0,-8669.289999999999,17581.51,0
1817,28,18.0,30.0,26288,8780.0,-8678.2,17594.24,0
1818,28,18.0,31.0,26312,8788.0,-8686.12,17610.32,0
1819,28,18.0,30.0,26334,8796.0,-8694.039999999999,17625.06,0
1820,28,18.0,30.0,26355,8802.0,-8699.98,17639.13,0
1821,28,18.0,31.0,26414,8811.0,-8708.89,17678.66,0
1822,28,18.0,31.0,26560,8821.0,-8718.789999999999,17776.48,0
1823,28,18.0,30.0,26627,8830.0,-8727.7,17821.37,0
1824,28,18.0,31.0,26648,8839.0,-8736.61,17835.44,0
1825,28,18.0,30.0,26672,8848.0,-8745.52,17851.52,0
1826,28,18.0,30.0,26695,8856.0,-8753.44,17866.93,0
1827,28,18.0,30.0,26717,8863.0,-8760.37,17881.67,0
1828,28,18.0,31.0,26736,8870.0,-8767.3,17894.4,0
1829,28,18.0,30.0,26755,8877.0,-8774.23,17907.13,0
1830,28,18.0,30.0,26845,8893.0,-8790.07,17967.43,0
1831,28,18.0,30.0,26878,8901.0,-8797.99,17989.54,0
1832,28,18.0,30.0,26898,8910.0,-8806.9,18002.94,0
1833,28,18.0,30.0,26918,8917.0,-8813.83,18016.34,0
1834,28,18.0,30.0,26938,8924.0,-8820.76,18029.74,0
1835,28,18.0,30.0,26958,8932.0,-8828.68,18043.14,0
1836,28,18.0,30.0,27055,8943.0,-8839.57,18108.13,0
1837,28,18.0,30.0,27124,8952.0,-8848.48,18154.36,0
1838,28,18.0,30.0,27147,8961.0,-8857.39,18169.77,0
1839,28,18.0,30.0,27166,8969.0,-8865.31,18182.5,0
1840,28,18.0,30.0,27186,8977.0,-8873.23,18195.9,0
1841,28,18.0,30.0,27204,8985.0,-8881.15,18207.96,0
1842,28,18.0,30.0,27223,8992.0,-8888.08,18220.69,0
1843,28,18.0,30.0,27246,9000.0,-8896.0,18236.1,0
1844,28,18.0,30.0,27314,9010.0,-8905.9,18281.66,0
1845,28,18.0,30.0,27355,9019.0,-8914.81,18309.13,0
1846,28,18.0,30.0,27379,9026.0,-8921.74,18325.21,0
1847,28,18.0,30.0,27403,9034.0,-8929.66,18341.29,0
1848,28,18.0,30.0,27426,9041.0,-8936.59,18356.7,0
1849,28,18.0,30.0,27462,9054.0,-8949.46,18380.82,0
1850,28,18.0,30.0,27586,9065.0,-8960.35,18463.9,0
1851,28,18.0,30.0,27654,9074.0,-8969.26,18509.46,0
1852,28,18.0,26.0,27675,9081.0,-8976.19,18523.53,0
1853,28,18.0,30.0,27700,9088.0,-8983.12,18540.28,0
1854,28,18.0,30.0,27723,9095.0,-8990.05,18555.69,0
1855,28,18.0,30.0,27746,9103.0,-8997.97,18571.1,0
1856,28,18.0,30.0,27768,9111.0,-9005.89,18585.84,0
1857,28,18.0,30.0,27791,9120.0,-9014.8,18601.25,0
1858,28,18.0,30.0,27825,9132.0,-9026.68,18624.03,0
1859,28,18.0,30.0,27972,9144.0,-9038.56,18722.52,0
1860,28,18.0,30.0,28078,9154.0,-9048.46,18793.54,0
1861,28,18.0,26.0,28101,9162.0,-9056.38,18808.95,0
1862,28,18.0,30.0,28125,9171.0,-9065.289999999999,18825.03,0
1863,28,18.0,26.0,28146,9181.0,-9075.19,18839.1,0
1864,28,18.0,30.0,28168,9190.0,-9084.1,18853.84,0
1865,28,18.0,30.0,28191,9201.0,-9094.99,18869.25,0
1866,28,18.0,30.0,28213,9211.0,-9104.89,18883.99,0
1867,28,18.0,30.0,28233,9220.0,-9113.8,18897.39,0
1868,28,18.0,30.0,28332,9231.0,-9124.69,18963.72,0
1869,28,18.0,30.0,28471,9242.0,-9135.58,19056.85,0
1870,28,18.0,30.0,28494,9247.0,-9140.53,19072.26,0
1871,28,18.0,30.0,28526,9262.0,-9155.38,19093.7,0
1872,28,18.0,30.0,28550,9271.0,-9164.289999999999,19109.78,0
1873,28,18.0,30.0,28571,9279.0,-9172.21,19123.85,0
1874,28,18.0,31.0,28591,9287.0,-9180.13,19137.25,0
1875,28,18.0,31.0,28611,9296.0,-9189.039999999999,19150.65,0
1876,28,18.0,30.0,28628,9305.0,-9197.95,19162.04,0
1877,28,18.0,30.0,28671,9314.0,-9206.86,19190.85,1
1878,28,18.0,30.0,28811,9326.0,-9218.74,19284.65,1
1879,28,18.0,30.0,28900,9334.0,-9226.66,19344.28,1
1880,28,18.0,30.0,28917,9342.0,-9234.58,19355.67,1
1881,28,18.0,30.0,28932,9349.0,-9241.51,19365.72,1
1882,28,18.0,30.0,28950,9358.0,-9250.42,19377.78,1
1883,28,18.0,30.0,28965,9366.0,-9258.34,19387.83,1
1884,28,18.0,30.0,28980,9374.0,-9266.26,19397.88,1
1885,28,18.0,31.0,28996,9381.0,-9273.19,19408.6,1
1886,28,18.0,30.0,29013,9388.0,-9280.12,19419.99,1
1887,28,18.0,31.0,29042,9399.0,-9291.01,19439.42,1
1888,28,18.0,31.0,29155,9410.0,-9301.9,19515.13,1
1889,28,18.0,30.0,29285,9421.0,-9312.789999999999,19602.23,1
1890,28,18.0,30.0,29300,9429.0,-9320.71,19612.28,1
1891,28,18.0,30.0,29316,9437.0,-9328.63,19623.0,1
1892,28,18.0,30.0,29332,9444.0,-9335.56,19633.72,1
1893,28,18.0,30.0,29353,9454.0,-9345.46,19647.79,1
1894,28,18.0,30.0,29369,9462.0,-9353.38,19658.51,1
1895,28,18.0,30.0,29391,9474.0,-9365.26,19673.25,1
1896,28,18.0,30.0,29443,9483.0,-9374.17,19708.09,1
1897,28,18.0,30.0,29581,9495.0,-9386.05,19800.55,1
1898,28,18.0,30.0,29659,9503.0,-9393.97,19852.81,1
1899,28,18.0,30.0,29678,9511.0,-9401.89,19865.54,1
1900,28,18.0,30.0,29693,9519.0,-9409.81,19875.59,1
1901,29,18.0,30.0,29715,9534.0,-9424.16,19890.33,1
1902,29,18.0,30.0,29737,9543.0,-9433.07,19905.07,1
1903,29,18.0,30.0,29758,9552.0,-9441.98,19919.14,1
1904,29,18.0,30.0,29779,9559.0,-9448.91,19933.21,1
1905,29,18.0,30.0,29800,9566.0,-9455.84,19947.28,1
1906,29,18.0,30.0,29821,9574.0,-9463.76,19961.35,1
1907,29,18.0,30.0,29848,9582.0,-9471.68,19979.44,1
2283,3,6.0,35.0,598295040,6543.0,-6476.07,400857670.56,1
2284,3,6.0,35.0,793579300,6543.0,-6476.07,531698124.76000005,1
2285,3,6.0,35.0,993839940,6543.0,-6476.07,665872753.5600001,1
2286,3,6.0,35.0,1184857600,6543.0,-6476.07,793854585.76,1
2287,3,6.0,35.0,1386806900,6543.0,-6476.07,929160616.76,1
2288,3,6.0,35.0,1581766100,6543.0,-6476.07,1059783280.7600001,1
2289,3,6.0,35.0,1773358800,6543.0,-6476.07,1188150389.76,1
2290,3,6.0,35.0,1978450800,6543.0,-6476.07,1325562029.76,1
2291,3,6.0,35.0,2170425600,6543.0,-6476.07,1454185145.76,1
2292,3,6.0,35.0,2372498400,6543.0,-6476.07,1589573921.76,1
2293,3,6.0,35.0,2566122800,6543.0,-6476.07,1719302269.76,1
2294,3,6.0,35.0,2745682700,6543.0,-6476.07,1839607402.76,1
2295,3,6.0,35.0,2926522600,6543.0,-6476.07,1960770135.76,1
2296,3,6.0,35.0,3102500000,6543.0,-6476.07,2078674993.7600002,1
2297,3,6.0,35.0,3285459700,6543.0,-6476.07,2201257992.76,1
2298,3,6.0,35.0,3465491500,6543.0,-6476.07,2321879298.76,1
2299,3,6.0,35.0,3636712400,6543.0,-6476.07,2436597301.76,1
2300,3,6.0,35.0,3817993000,6543.0,-6476.07,2558055303.76,1
2301,3,6.0,35.0,3995550200,6543.0,-6476.07,2677018627.76,1
2302,3,6.0,35.0,4176982300,6543.0,-6476.07,2798578134.76,1
2303,3,6.0,35.0,4353123000,6543.0,-6476.07,2916592403.76,1
2304,3,6.0,35.0,4531463000,6543.0,-6476.07,3036080203.76,1
2305,3,6.0,35.0,4711510500,6543.0,-6476.07,3156712028.76,1
2306,3,6.0,35.0,4883655000,6543.0,-6476.07,3272048843.76,1
2307,3,6.0,35.0,5064164000,6543.0,-6476.07,3392989873.76,1
2308,3,6.0,35.0,5249149000,6543.0,-6476.07,3516929823.76,1
2309,3,6.0,35.0,150557920,6543.0,-6476.07,100873800.16000001,1
2310,3,6.0,35.0,352029820,6543.0,-6476.07,235859973.16,1
2311,3,6.0,35.0,562357700,6543.0,-6476.07,376779652.76,1
2312,3,6.0,35.0,765535100,6543.0,-6476.07,512908510.76000005,1
2313,3,6.0,35.0,973136800,6543.0,-6476.07,652001649.76,1
2314,3,6.0,35.0,1182065400,6543.0,-6476.07,791983811.76,1
2315,3,6.0,35.0,1375450100,6543.0,-6476.07,921551560.76,1
2316,3,6.0,35.0,1501181300,6543.0,-6476.07,1005791464.7600001,1
2317,3,6.0,35.0,1705140100,6543.0,-6476.07,1142443860.76,1
2318,3,6.0,35.0,1913513700,6543.0,-6476.07,1282054172.76,1
2319,3,6.0,35.0,2112106000,6543.0,-6476.07,1415111013.76,1
2320,3,6.0,35.0,2316586000,6543.0,-6476.07,1552112613.76,1
2321,3,6.0,35.0,2514052000,6543.0,-6476.07,1684414833.76,1
2322,3,6.0,35.0,2717465300,6543.0,-6476.07,1820701744.76,1
2323,3,6.0,35.0,2924291800,6543.0,-6476.07,1959275499.76,1
2324,3,6.0,35.0,3122145000,6543.0,-6476.07,2091837143.7600002,1
2325,3,6.0,35.0,3328923600,6543.0,-6476.07,2230378805.76,1
2326,3,6.0,35.0,3525730600,6543.0,-6476.07,2362239495.76,1
2327,3,6.0,35.0,3733198000,6543.0,-6476.07,2501242653.76,1
2328,3,6.0,35.0,3939600000,6543.0,-6476.07,2639531993.76,1
2329,3,6.0,35.0,4138422000,6543.0,-6476.07,2772742733.76,1
2330,3,6.0,35.0,4339597000,6543.0,-6476.07,2907529983.76,1
2331,3,6.0,35.0,4536584700,6543.0,-6476.07,3039511742.76,1
2332,3,6.0,35.0,4743727600,6543.0,-6476.07,3178297485.76,1
2333,3,6.0,35.0,4950379000,6543.0,-6476.07,3316753923.76,1
2334,3,6.0,35.0,607796200,6543.0,-6476.07,407223447.76,1
2335,3,6.0,35.0,813584200,6543.0,-6476.07,545101407.76,1
2336,3,6.0,35.0,1031264830,6543.0,-6476.07,690947429.86,1
2337,3,6.0,35.0,1239402200,6543.0,-6476.07,830399467.76,1
2338,3,6.0,35.0,1458089000,6543.0,-6476.07,976919623.76,1
2339,3,6.0,35.0,1671508900,6543.0,-6476.07,1119910956.76,1
2340,3,6.0,35.0,1879127900,6543.0,-6476.07,1259015686.76,1
2341,3,6.0,35.0,2102425000,6543.0,-6476.07,1408624743.76,1
2342,3,6.0,35.0,2311192600,6543.0,-6476.07,1548499035.76,1
2343,3,6.0,35.0,2525702100,6543.0,-6476.07,1692220400.76,1
2344,3,6.0,35.0,2741856000,6543.0,-6476.07,1837043513.76,1
2345,3,6.0,35.0,2938399000,6543.0,-6476.07,1968727323.76,1
2346,3,6.0,35.0,3134086400,6543.0,-6476.07,2099837881.7600002,1
2347,3,6.0,35.0,3326049800,6543.0,-6476.07,2228453359.76,1
2348,3,6.0,35.0,3521275100,6543.0,-6476.07,2359254310.76,1
2349,3,6.0,35.0,3718634800,6543.0,-6476.07,2491485309.76,1
2350,3,6.0,35.0,3908553700,6543.0,-6476.07,2618730972.76,1
2351,3,6.0,35.0,4105878000,6543.0,-6476.07,2750938253.76,1
2352,3,6.0,35.0,4295850000,6543.0,-6476.07,2878219493.76,1
2353,3,6.0,35.0,4493523500,6543.0,-6476.07,3010660738.76,1
2354,3,6.0,35.0,4690808300,6543.0,-6476.07,3142841554.76,1
2355,3,6.0,35.0,4879793000,6543.0,-6476.07,3269461303.76,1
2356,3,6.0,35.0,5077700600,6543.0,-6476.07,3402059395.76,1
2357,3,6.0,35.0,5275704300,6543.0,-6476.07,3534721874.76,1
2358,3,6.0,35.0,5464380400,6543.0,-6476.07,3661134861.76,1
2359,3,6.0,35.0,153829780,6543.0,-6476.07,103065946.36000001,1
2360,3,6.0,35.0,375609200,6543.0,-6476.07,251658157.76000002,1
2361,3,6.0,35.0,597588500,6543.0,-6476.07,400384288.76,1
2362,3,6.0,35.0,805069200,6543.0,-6476.07,539396357.76,1
2363,3,6.0,35.0,1027004600,6543.0,-6476.07,688093075.76,1
2364,3,6.0,35.0,1239616300,6543.0,-6476.07,830542914.76,1
2365,3,6.0,35.0,1455595400,6543.0,-6476.07,975248911.76,1
2366,3,6.0,35.0,1680266500,6543.0,-6476.07,1125778548.76,1
2367,3,6.0,35.0,1891201400,6543.0,-6476.07,1267104931.76,1
2368,3,6.0,35.0,2106304500,6543.0,-6476.07,1411224008.76,1
2369,3,6.0,35.0,2314359300,6543.0,-6476.07,1550620724.76,1
2370,3,6.0,35.0,2522353200,6543.0,-6476.07,1689976637.76,1
2371,3,6.0,35.0,2720774700,6543.0,-6476.07,1822919042.76,1
2372,3,6.0,35.0,2908928000,6543.0,-6476.07,1948981753.76,1
2373,3,6.0,35.0,3106741800,6543.0,-6476.07,2081516999.7600002,1
2374,3,6.0,35.0,3304814600,6543.0,-6476.07,2214225775.76,1
2375,3,6.0,35.0,3493249300,6543.0,-6476.07,2340477024.76,1
2376,3,6.0,35.0,3691307300,6543.0,-6476.07,2473175884.76,1
2377,3,6.0,35.0,3880812000,6543.0,-6476.07,2600144033.76,1
2378,3,6.0,35.0,4078530600,6543.0,-6476.07,2732615495.76,1
2379,3,6.0,35.0,4264847400,6543.0,-6476.07,2857447751.76,1
2380,3,6.0,35.0,4453368000,6543.0,-6476.07,2983756553.76,1
2381,3,6.0,35.0,4651599400,6543.0,-6476.07,3116571591.76,1
2382,3,6.0,35.0,4839721000,6543.0,-6476.07,3242613063.76,1
2383,3,6.0,35.0,5037900300,6543.0,-6476.07,3375393194.76,1
2384,3,6.0,35.0,5236674000,6543.0,-6476.07,3508571573.76,1
2410,3,6.0,35.0,593952500,6543.0,-6476.07,397948168.76,1
2411,3,6.0,35.0,786199800,6543.0,-6476.07,526753859.76000005,1
2412,3,6.0,35.0,972106200,6543.0,-6476.07,651311147.76,1
2413,3,6.0,35.0,1166915100,6543.0,-6476.07,781833110.76,1
2414,3,6.0,35.0,1361769200,6543.0,-6476.07,912385357.76,1
2415,3,6.0,35.0,1549076500,6543.0,-6476.07,1037881248.7600001,1
2416,3,6.0,35.0,1742907900,6543.0,-6476.07,1167748286.76,1
2417,3,6.0,35.0,1941218600,6543.0,-6476.07,1300616455.76,1
2418,3,6.0,35.0,2127245800,6543.0,-6476.07,1425254679.76,1
2419,3,6.0,35.0,2319600400,6543.0,-6476.07,1554132261.76,1
2420,3,6.0,35.0,2505363000,6543.0,-6476.07,1678593203.76,1
2421,3,6.0,35.0,2691920100,6543.0,-6476.07,1803586460.76,1
2422,3,6.0,35.0,2873224700,6543.0,-6476.07,1925060542.76,1
2423,3,6.0,35.0,3049316900,6543.0,-6476.07,2043042316.7600002,1
2424,3,6.0,35.0,3231854600,6543.0,-6476.07,2165342575.76,1
2425,3,6.0,35.0,3405151500,6543.0,-6476.07,2281451498.76,1
2426,3,6.0,35.0,3589010200,6543.0,-6476.07,2404636827.76,1
2427,3,6.0,35.0,3771831800,6543.0,-6476.07,2527127299.76,1
2428,3,6.0,35.0,3945599200,6543.0,-6476.07,2643551457.76,1
2429,3,6.0,35.0,4127587300,6543.0,-6476.07,2765483484.76,1
2430,3,6.0,35.0,4303646000,6543.0,-6476.07,2883442813.76,1
2431,3,6.0,35.0,4485067000,6543.0,-6476.07,3004994883.76,1
2432,3,6.0,35.0,4666146000,6543.0,-6476.07,3126317813.76,1
2433,3,6.0,35.0,4843322400,6543.0,-6476.07,3245026001.76,1
2434,3,6.0,35.0,5024811000,6543.0,-6476.07,3366623363.76,1
2435,3,6.0,35.0,5201662500,6543.0,-6476.07,3485113868.76,1
2436,3,6.0,35.0,5384598000,6543.0,-6476.07,3607680653.76,1
2437,3,6.0,35.0,141495300,6543.0,-6476.07,94801844.76,1
2438,3,6.0,35.0,333113250,6543.0,-6476.07,223185871.26,1
2439,3,6.0,35.0,528806720,6543.0,-6476.07,354300496.16,1
2440,3,6.0,35.0,712008060,6543.0,-6476.07,477045393.96000004,1
2441,3,6.0,35.0,808655100,6543.0,-6476.07,541798910.76,1
2491,3,6.0,35.0,147053540,6543.0,-6476.07,98525865.56000002,1
2492,3,6.0,35.0,351019500,6543.0,-6476.07,235183058.76,1
2493,3,6.0,35.0,557691900,6543.0,-6476.07,373653566.76,1
2494,3,6.0,35.0,757450700,6543.0,-6476.07,507491962.76000005,1
2495,3,6.0,35.0,961467100,6543.0,-6476.07,644182950.76,1
2496,3,6.0,35.0,1162491500,6543.0,-6476.07,778869298.76,1
2497,3,6.0,35.0,1362120000,6543.0,-6476.07,912620393.76,1
2498,3,6.0,35.0,1573843100,6543.0,-6476.07,1054474870.7600001,1
2499,3,6.0,35.0,1772248200,6543.0,-6476.07,1187406287.76,1
2500,3,6.0,35.0,1976723700,6543.0,-6476.07,1324404872.76,1
2501,3,6.0,35.0,2173665800,6543.0,-6476.07,1456356079.76,1
2502,3,6.0,35.0,2374934000,6543.0,-6476.07,1591205773.76,1
2503,3,6.0,35.0,2564922000,6543.0,-6476.07,1718497733.76,1
2504,3,6.0,35.0,2749620200,6543.0,-6476.07,1842245527.76,1
2505,3,6.0,35.0,2943533800,6543.0,-6476.07,1972167639.76,1
2506,3,6.0,35.0,3128579600,6543.0,-6476.07,2096148325.7600002,1
2507,3,6.0,35.0,3319900000,6543.0,-6476.07,2224332993.76,1
2508,3,6.0,35.0,3510563300,6543.0,-6476.07,2352077404.76,1
2509,3,6.0,35.0,3696768000,6543.0,-6476.07,2476834553.76,1
2510,3,6.0,35.0,3889040600,6543.0,-6476.07,2605657195.76,1
2511,3,6.0,35.0,4073339600,6543.0,-6476.07,2729137525.76,1
2512,3,6.0,35.0,4265381400,6543.0,-6476.07,2857805531.76,1
2513,3,6.0,35.0,4458798000,6543.0,-6476.07,2987394653.76,1
2514,3,6.0,35.0,4644153300,6543.0,-6476.07,3111582704.76,1
2515,3,6.0,35.0,4836043300,6543.0,-6476.07,3240149004.76,1
2516,3,6.0,35.0,5030189600,6543.0,-6476.07,3370227025.76,1
